aerolinea,aeronave,origen,"destino final",escalas,"Salida programada","Llegada Programada"
LATAM,"Airbus 321",LIM,GRU,"1 escala","2023-01-15 09:30:00","2023-01-15 18:45:00"
LATAM,"Airbus 321",EZE,BOG,"3 escalas","2023-01-24 09:13:47","2023-01-16 11:08:59"
LATAM,"Airbus 321",BOG,GRU,"2 escalas","2023-01-18 09:30:34","2023-01-22 21:43:04"
LATAM,"Airbus 321",EZE,GRU,"3 escalas","2023-01-15 07:04:20","2023-01-26 23:32:00"
LATAM,"Airbus 321",EZE,SCL,"3 escalas","2023-01-24 06:42:35","2023-01-21 00:08:36"
LATAM,"Airbus 321",BOG,LIM,"3 escalas","2023-01-29 03:36:07","2023-01-11 06:31:52"
LATAM,"Airbus 321",VVI,LIM,"1 escala","2023-01-27 15:52:38","2023-01-09 10:32:46"
LATAM,"Airbus 321",EZE,GRU,"2 escalas","2023-01-18 04:02:05","2023-01-07 05:49:50"
LATAM,"Airbus 321",GRU,SCL,"3 escalas","2023-01-19 19:01:48","2023-01-01 17:29:17"
LATAM,"Airbus 321",LIM,EZE,"sin escalas","2023-01-04 21:54:27","2023-01-06 05:00:27"
LATAM,"Airbus 321",LIM,VVI,"1 escala","2023-01-16 15:38:11","2023-01-28 18:58:12"
LATAM,"Airbus 321",UIO,GRU,"1 escala","2023-01-19 14:22:44","2023-01-25 13:59:24"
LATAM,"Airbus 321",EZE,GRU,"1 escala","2023-01-28 12:43:51","2023-01-03 19:26:20"
LATAM,"Airbus 321",VVI,LIM,"1 escala","2023-01-27 14:04:44","2023-01-11 09:17:53"
LATAM,"Airbus 321",VVI,LIM,"2 escalas","2023-01-01 02:30:17","2023-01-16 22:58:39"
LATAM,"Airbus 321",SCL,LIM,"1 escala","2023-01-24 11:24:03","2023-01-19 17:32:14"
LATAM,"Airbus 321",UIO,BOG,"3 escalas","2023-01-03 22:49:47","2023-01-22 11:31:28"
LATAM,"Airbus 321",BOG,VVI,"sin escalas","2023-01-21 00:49:48","2023-01-03 23:20:54"
LATAM,"Airbus 321",LIM,UIO,"sin escalas","2023-02-25 20:15:33","2023-02-21 09:57:44"
LATAM,"Airbus 321",EZE,LIM,"2 escalas","2023-02-17 14:31:43","2023-02-02 01:40:25"
LATAM,"Airbus 321",EZE,LIM,"1 escala","2023-02-01 15:38:14","2023-02-06 12:37:58"
LATAM,"Airbus 321",BOG,VVI,"1 escala","2023-02-16 15:44:27","2023-02-20 20:22:33"
LATAM,"Airbus 321",VVI,GRU,"1 escala","2023-02-19 21:24:53","2023-02-05 06:33:50"
LATAM,"Airbus 321",GRU,GRU,"2 escalas","2023-02-27 22:58:22","2023-02-10 04:14:07"
LATAM,"Airbus 321",EZE,UIO,"3 escalas","2023-02-14 13:12:03","2023-02-21 05:00:34"
LATAM,"Airbus 321",UIO,EZE,"sin escalas","2023-02-08 13:24:52","2023-02-13 12:05:12"
LATAM,"Airbus 321",UIO,EZE,"3 escalas","2023-02-21 19:25:35","2023-02-24 21:26:07"
LATAM,"Airbus 321",LIM,LIM,"2 escalas","2023-02-06 12:42:32","2023-02-23 17:39:22"
LATAM,"Airbus 321",BOG,SCL,"sin escalas","2023-02-18 16:59:11","2023-02-19 19:53:59"
LATAM,"Airbus 321",SCL,BOG,"1 escala","2023-02-20 21:55:29","2023-02-15 20:21:55"
LATAM,"Airbus 321",UIO,SCL,"3 escalas","2023-03-17 03:09:20","2023-03-28 12:22:39"
LATAM,"Airbus 321",LIM,BOG,"sin escalas","2023-03-14 06:57:50","2023-03-27 18:24:28"
LATAM,"Airbus 321",LIM,BOG,"1 escala","2023-03-11 16:26:29","2023-03-03 00:53:48"
LATAM,"Airbus 321",VVI,SCL,"1 escala","2023-03-09 14:35:29","2023-03-21 09:00:14"
LATAM,"Airbus 321",BOG,SCL,"3 escalas","2023-03-02 21:01:51","2023-03-12 20:51:20"
LATAM,"Airbus 321",EZE,SCL,"3 escalas","2023-03-29 01:18:40","2023-03-05 05:17:15"
LATAM,"Airbus 321",UIO,BOG,"sin escalas","2023-03-24 02:23:34","2023-03-08 04:09:13"
LATAM,"Airbus 321",BOG,BOG,"sin escalas","2023-03-14 17:16:05","2023-03-05 03:35:46"
LATAM,"Airbus 321",SCL,EZE,"sin escalas","2023-03-19 15:16:11","2023-03-24 08:37:11"
LATAM,"Airbus 321",SCL,UIO,"sin escalas","2023-03-12 16:28:32","2023-03-01 10:52:03"
LATAM,"Airbus 321",GRU,UIO,"2 escalas","2023-03-07 02:51:23","2023-03-25 07:54:13"
LATAM,"Airbus 321",GRU,GRU,"sin escalas","2023-03-15 07:50:44","2023-03-01 14:58:41"
LATAM,"Airbus 321",SCL,VVI,"3 escalas","2023-03-30 14:17:31","2023-03-06 06:27:32"
LATAM,"Airbus 321",BOG,UIO,"1 escala","2023-03-05 12:38:32","2023-03-03 20:08:53"
LATAM,"Airbus 321",BOG,VVI,"2 escalas","2023-03-26 03:49:30","2023-03-27 09:18:52"
LATAM,"Airbus 321",UIO,VVI,"3 escalas","2023-03-19 22:28:44","2023-03-09 09:26:38"
LATAM,"Airbus 321",LIM,SCL,"2 escalas","2023-03-05 08:33:24","2023-03-19 04:57:24"
LATAM,"Airbus 321",GRU,BOG,"2 escalas","2023-03-10 15:23:43","2023-03-09 16:29:01"
JetSmart,"Airbus 321",LIM,SCL,"2 escalas","2023-01-15 10:00:00","2023-01-15 12:30:00"
JetSmart,"Airbus 321",UIO,EZE,"2 escalas","2023-01-12 21:50:39","2023-01-20 12:15:18"
JetSmart,"Airbus 321",EZE,VVI,"3 escalas","2023-01-25 05:12:20","2023-01-27 06:25:23"
JetSmart,"Airbus 321",UIO,BOG,"2 escalas","2023-01-15 06:00:05","2023-01-06 03:04:29"
JetSmart,"Airbus 321",BOG,SCL,"2 escalas","2023-01-18 13:51:46","2023-01-07 01:32:04"
JetSmart,"Airbus 321",UIO,LIM,"1 escala","2023-01-05 10:48:58","2023-01-22 02:50:09"
JetSmart,"Airbus 321",LIM,LIM,"2 escalas","2023-01-07 05:45:30","2023-01-18 01:34:09"
JetSmart,"Airbus 321",SCL,BOG,"2 escalas","2023-01-18 11:13:20","2023-01-24 12:40:24"
JetSmart,"Airbus 321",EZE,UIO,"sin escalas","2023-01-22 22:42:27","2023-01-25 06:32:07"
JetSmart,"Airbus 321",VVI,EZE,"2 escalas","2023-01-21 17:13:13","2023-01-04 04:51:26"
JetSmart,"Airbus 321",SCL,EZE,"1 escala","2023-01-03 10:36:24","2023-01-02 11:48:40"
JetSmart,"Airbus 321",EZE,SCL,"2 escalas","2023-01-18 20:55:07","2023-01-22 21:43:18"
JetSmart,"Airbus 321",VVI,GRU,"1 escala","2023-01-07 07:45:53","2023-01-16 18:30:58"
JetSmart,"Airbus 321",UIO,LIM,"3 escalas","2023-01-27 06:01:45","2023-01-19 17:23:39"
JetSmart,"Airbus 321",LIM,BOG,"2 escalas","2023-02-03 09:01:30","2023-02-03 04:34:34"
JetSmart,"Airbus 321",EZE,LIM,"1 escala","2023-02-19 15:34:38","2023-02-03 07:26:51"
JetSmart,"Airbus 321",BOG,SCL,"3 escalas","2023-02-05 15:11:57","2023-02-23 19:37:41"
JetSmart,"Airbus 321",UIO,LIM,"3 escalas","2023-02-05 13:09:47","2023-02-04 03:58:53"
JetSmart,"Airbus 321",VVI,LIM,"sin escalas","2023-02-08 19:57:39","2023-02-22 17:53:42"
JetSmart,"Airbus 321",BOG,GRU,"2 escalas","2023-02-11 07:15:40","2023-02-02 12:16:15"
JetSmart,"Airbus 321",UIO,SCL,"2 escalas","2023-02-22 12:04:29","2023-02-12 03:48:00"
JetSmart,"Airbus 321",VVI,GRU,"sin escalas","2023-02-13 21:32:21","2023-02-03 06:08:43"
JetSmart,"Airbus 321",LIM,GRU,"sin escalas","2023-02-04 06:21:06","2023-02-26 22:05:59"
JetSmart,"Airbus 321",EZE,VVI,"2 escalas","2023-02-09 21:24:54","2023-02-26 17:01:14"
JetSmart,"Airbus 321",SCL,UIO,"1 escala","2023-02-21 20:23:33","2023-02-27 00:34:01"
JetSmart,"Airbus 321",GRU,EZE,"sin escalas","2023-02-10 22:19:02","2023-02-02 04:23:52"
JetSmart,"Airbus 321",GRU,SCL,"sin escalas","2023-02-19 05:32:20","2023-02-22 17:24:01"
JetSmart,"Airbus 321",GRU,SCL,"1 escala","2023-03-09 17:28:11","2023-03-19 16:09:22"
JetSmart,"Airbus 321",LIM,UIO,"sin escalas","2023-03-15 16:12:33","2023-03-07 15:19:26"
JetSmart,"Airbus 321",GRU,LIM,"sin escalas","2023-03-13 06:15:47","2023-03-09 13:18:33"
JetSmart,"Airbus 321",LIM,EZE,"sin escalas","2023-03-05 02:31:38","2023-03-17 15:53:57"
JetSmart,"Airbus 321",UIO,VVI,"2 escalas","2023-03-18 23:15:55","2023-03-15 02:17:52"
JetSmart,"Airbus 321",GRU,EZE,"2 escalas","2023-03-04 16:47:31","2023-03-25 06:54:15"
JetSmart,"Airbus 321",BOG,EZE,"sin escalas","2023-03-12 04:05:03","2023-03-03 12:14:49"
JetSmart,"Airbus 321",UIO,GRU,"2 escalas","2023-03-25 09:24:56","2023-03-15 15:41:42"
JetSmart,"Airbus 321",BOG,VVI,"3 escalas","2023-03-06 02:34:39","2023-03-20 22:23:02"
JetSmart,"Airbus 321",UIO,SCL,"sin escalas","2023-03-24 02:45:46","2023-03-15 15:58:34"
JetSmart,"Airbus 321",UIO,EZE,"sin escalas","2023-03-21 14:00:23","2023-03-30 06:24:45"
JetSmart,"Airbus 321",UIO,EZE,"sin escalas","2023-03-04 09:30:02","2023-03-01 19:07:35"
"SKY Airline","Airbus 321",VVI,LIM,"2 escalas","2023-01-16 16:31:11","2023-01-18 21:08:09"
"SKY Airline","Airbus 321",BOG,UIO,"3 escalas","2023-01-15 20:58:52","2023-01-27 20:38:14"
"SKY Airline","Airbus 321",GRU,VVI,"sin escalas","2023-01-08 00:01:59","2023-01-25 04:55:54"
"SKY Airline","Airbus 321",VVI,SCL,"2 escalas","2023-01-24 14:18:35","2023-01-20 06:32:02"
"SKY Airline","Airbus 321",LIM,BOG,"2 escalas","2023-01-08 03:25:01","2023-01-20 22:08:26"
"SKY Airline","Airbus 321",EZE,SCL,"sin escalas","2023-01-30 13:40:16","2023-01-25 03:10:42"
"SKY Airline","Airbus 321",EZE,GRU,"2 escalas","2023-01-16 15:36:40","2023-01-09 02:24:05"
"SKY Airline","Airbus 321",GRU,EZE,"3 escalas","2023-01-05 03:45:03","2023-01-10 03:26:33"
"SKY Airline","Airbus 321",GRU,GRU,"1 escala","2023-01-08 20:23:21","2023-01-17 11:00:18"
"SKY Airline","Airbus 321",LIM,BOG,"sin escalas","2023-01-05 11:04:47","2023-01-23 08:18:14"
"SKY Airline","Airbus 321",UIO,LIM,"3 escalas","2023-02-14 23:14:30","2023-02-06 19:29:43"
"SKY Airline","Airbus 321",EZE,GRU,"3 escalas","2023-02-07 01:37:02","2023-02-04 05:48:58"
"SKY Airline","Airbus 321",UIO,UIO,"1 escala","2023-02-16 21:51:18","2023-02-08 15:57:26"
"SKY Airline","Airbus 321",GRU,EZE,"sin escalas","2023-02-24 09:01:58","2023-02-25 01:37:15"
"SKY Airline","Airbus 321",BOG,SCL,"2 escalas","2023-02-13 15:40:06","2023-02-18 19:09:09"
"SKY Airline","Airbus 321",UIO,LIM,"3 escalas","2023-02-10 14:27:17","2023-02-26 23:46:06"
"SKY Airline","Airbus 321",SCL,UIO,"3 escalas","2023-02-13 12:40:16","2023-02-04 06:12:41"
"SKY Airline","Airbus 321",GRU,GRU,"2 escalas","2023-02-04 07:52:48","2023-02-16 11:12:00"
"SKY Airline","Airbus 321",VVI,SCL,"1 escala","2023-02-04 17:35:02","2023-02-25 13:56:07"
"SKY Airline","Airbus 321",UIO,LIM,"1 escala","2023-02-27 20:43:04","2023-02-22 18:44:15"
"SKY Airline","Airbus 321",SCL,VVI,"2 escalas","2023-03-22 08:48:44","2023-03-20 08:11:27"
"SKY Airline","Airbus 321",LIM,VVI,"1 escala","2023-03-23 05:00:03","2023-03-28 21:21:51"
"SKY Airline","Airbus 321",LIM,LIM,"2 escalas","2023-03-09 01:35:49","2023-03-05 13:31:05"
"SKY Airline","Airbus 321",UIO,LIM,"1 escala","2023-03-26 05:12:10","2023-03-12 16:31:37"
"SKY Airline","Airbus 321",GRU,LIM,"2 escalas","2023-03-04 11:05:10","2023-03-11 22:37:31"
"SKY Airline","Airbus 321",UIO,VVI,"2 escalas","2023-03-19 00:34:19","2023-03-17 02:31:24"
"SKY Airline","Airbus 321",GRU,BOG,"sin escalas","2023-03-01 08:36:37","2023-03-26 05:15:22"
"SKY Airline","Airbus 321",VVI,GRU,"1 escala","2023-03-03 16:26:03","2023-03-13 19:28:09"
"SKY Airline","Airbus 321",EZE,UIO,"2 escalas","2023-03-06 11:15:34","2023-03-01 01:02:41"
"SKY Airline","Airbus 321",LIM,VVI,"2 escalas","2023-03-07 22:45:56","2023-03-07 04:12:59"
"SKY Airline","Airbus 321",UIO,GRU,"3 escalas","2023-03-12 00:25:24","2023-03-12 21:57:41"
"SKY Airline","Airbus 321",UIO,BOG,"1 escala","2023-03-06 12:51:29","2023-03-26 21:08:58"
"SKY Airline","Airbus 321",LIM,SCL,"2 escalas","2023-03-08 12:37:13","2023-03-17 12:24:23"
"SKY Airline","Airbus 321",SCL,UIO,"3 escalas","2023-03-11 22:57:07","2023-03-24 20:23:56"
GOL,"Airbus 321",GRU,SCL,"1 escala","2023-01-29 16:59:15","2023-01-29 20:49:22"
GOL,"Airbus 321",UIO,VVI,"2 escalas","2023-01-18 23:40:41","2023-01-01 18:41:27"
GOL,"Airbus 321",BOG,SCL,"3 escalas","2023-01-02 02:19:20","2023-01-23 09:53:39"
GOL,"Airbus 321",BOG,UIO,"sin escalas","2023-01-29 13:56:22","2023-01-23 08:35:23"
GOL,"Airbus 321",SCL,VVI,"2 escalas","2023-01-24 17:34:32","2023-01-25 10:15:07"
GOL,"Airbus 321",LIM,UIO,"sin escalas","2023-01-15 22:05:43","2023-01-17 22:27:29"
GOL,"Airbus 321",BOG,VVI,"2 escalas","2023-01-03 12:35:12","2023-01-09 07:31:58"
GOL,"Airbus 321",BOG,BOG,"sin escalas","2023-01-05 23:23:34","2023-01-23 14:18:24"
GOL,"Airbus 321",EZE,LIM,"1 escala","2023-01-15 07:08:54","2023-01-22 16:57:22"
GOL,"Airbus 321",LIM,BOG,"2 escalas","2023-01-29 23:49:34","2023-01-03 16:17:41"
GOL,"Airbus 321",EZE,GRU,"1 escala","2023-01-20 17:45:51","2023-01-19 16:19:31"
GOL,"Airbus 321",VVI,BOG,"1 escala","2023-01-01 13:19:59","2023-01-28 23:20:40"
GOL,"Airbus 321",VVI,EZE,"2 escalas","2023-01-18 22:45:12","2023-01-23 15:32:15"
GOL,"Airbus 321",EZE,LIM,"1 escala","2023-01-29 00:12:58","2023-01-05 03:19:20"
GOL,"Airbus 321",LIM,LIM,"1 escala","2023-01-21 02:50:59","2023-01-07 23:24:26"
GOL,"Airbus 321",UIO,UIO,"sin escalas","2023-01-04 15:01:21","2023-01-19 04:21:47"
GOL,"Airbus 321",LIM,VVI,"1 escala","2023-01-27 04:58:52","2023-01-23 03:23:24"
GOL,"Airbus 321",BOG,VVI,"3 escalas","2023-01-09 00:30:14","2023-01-22 10:22:38"
GOL,"Airbus 321",EZE,GRU,"1 escala","2023-02-10 12:56:43","2023-02-09 02:50:42"
GOL,"Airbus 321",EZE,SCL,"2 escalas","2023-02-04 22:12:18","2023-02-05 03:21:03"
GOL,"Airbus 321",VVI,LIM,"2 escalas","2023-02-03 13:50:26","2023-02-10 08:48:41"
GOL,"Airbus 321",VVI,UIO,"2 escalas","2023-02-03 10:54:13","2023-02-23 12:07:33"
GOL,"Airbus 321",BOG,GRU,"3 escalas","2023-02-21 03:49:42","2023-02-06 18:58:41"
GOL,"Airbus 321",VVI,GRU,"sin escalas","2023-02-18 16:18:29","2023-02-12 23:07:43"
GOL,"Airbus 321",LIM,GRU,"1 escala","2023-02-16 00:03:13","2023-02-11 19:09:31"
GOL,"Airbus 321",LIM,LIM,"3 escalas","2023-02-23 13:38:28","2023-02-12 07:05:54"
GOL,"Airbus 321",SCL,SCL,"sin escalas","2023-02-24 17:46:54","2023-02-14 23:08:30"
GOL,"Airbus 321",EZE,BOG,"1 escala","2023-02-09 04:45:19","2023-02-02 05:35:17"
GOL,"Airbus 321",LIM,SCL,"2 escalas","2023-03-30 16:43:15","2023-03-09 00:19:23"
GOL,"Airbus 321",BOG,UIO,"1 escala","2023-03-05 16:14:57","2023-03-29 17:47:47"
GOL,"Airbus 321",EZE,EZE,"2 escalas","2023-03-27 07:38:43","2023-03-26 15:44:20"
GOL,"Airbus 321",SCL,SCL,"2 escalas","2023-03-21 10:41:02","2023-03-21 22:08:42"
GOL,"Airbus 321",SCL,SCL,"2 escalas","2023-03-14 15:58:42","2023-03-01 14:52:00"
GOL,"Airbus 321",UIO,UIO,"2 escalas","2023-03-20 22:39:20","2023-03-24 10:42:39"
GOL,"Airbus 321",VVI,UIO,"sin escalas","2023-03-24 10:47:14","2023-03-16 00:28:33"
GOL,"Airbus 321",UIO,SCL,"3 escalas","2023-03-04 04:05:14","2023-03-19 00:56:19"
GOL,"Airbus 321",GRU,LIM,"sin escalas","2023-03-10 09:05:22","2023-03-07 19:25:51"
GOL,"Airbus 321",VVI,LIM,"2 escalas","2023-03-24 01:53:50","2023-03-21 10:41:08"
GOL,"Airbus 321",EZE,EZE,"1 escala","2023-03-26 23:36:04","2023-03-03 03:55:22"
GOL,"Airbus 321",GRU,BOG,"3 escalas","2023-03-25 09:07:21","2023-03-12 08:53:37"
GOL,"Airbus 321",LIM,BOG,"sin escalas","2023-03-04 10:17:25","2023-03-04 15:02:22"
GOL,"Airbus 321",EZE,SCL,"3 escalas","2023-03-22 20:02:11","2023-03-01 06:31:38"
GOL,"Airbus 321",EZE,UIO,"sin escalas","2023-03-01 19:20:11","2023-03-11 08:06:43"
GOL,"Airbus 321",EZE,SCL,"2 escalas","2023-03-09 04:05:08","2023-03-20 16:37:33"
GOL,"Airbus 321",BOG,LIM,"1 escala","2023-03-19 20:16:57","2023-03-24 23:03:56"
GOL,"Airbus 321",EZE,EZE,"3 escalas","2023-03-30 14:30:47","2023-03-21 09:13:09"
GOL,"Airbus 321",VVI,EZE,"1 escala","2023-03-21 16:39:28","2023-03-29 15:07:53"
GOL,"Airbus 321",GRU,GRU,"2 escalas","2023-03-30 04:37:39","2023-03-19 18:07:59"
GOL,"Airbus 321",UIO,LIM,"2 escalas","2023-03-26 16:20:29","2023-03-16 01:46:29"
GOL,"Airbus 321",VVI,LIM,"sin escalas","2023-03-27 06:31:35","2023-03-26 05:45:05"
GOL,"Airbus 321",LIM,BOG,"1 escala","2023-03-26 16:42:09","2023-03-15 08:32:33"
GOL,"Airbus 321",UIO,UIO,"3 escalas","2023-03-16 16:43:34","2023-03-13 16:11:42"
GOL,"Airbus 321",VVI,VVI,"sin escalas","2023-03-15 15:51:32","2023-03-14 02:40:31"
Easyfly,"Airbus 321",SCL,GRU,"1 escala","2023-01-25 06:23:53","2023-01-13 09:05:03"
Easyfly,"Airbus 321",GRU,LIM,"2 escalas","2023-01-06 21:55:29","2023-01-09 17:18:48"
Easyfly,"Airbus 321",BOG,VVI,"3 escalas","2023-01-10 05:43:14","2023-01-19 05:29:10"
Easyfly,"Airbus 321",GRU,BOG,"3 escalas","2023-01-17 02:48:33","2023-01-14 15:06:46"
Easyfly,"Airbus 321",GRU,LIM,"3 escalas","2023-01-01 01:21:18","2023-01-13 03:49:30"
Easyfly,"Airbus 321",BOG,UIO,"1 escala","2023-01-22 17:21:39","2023-01-20 02:33:38"
Easyfly,"Airbus 321",GRU,EZE,"2 escalas","2023-01-04 08:57:40","2023-01-09 16:47:52"
Easyfly,"Airbus 321",GRU,LIM,"1 escala","2023-01-30 13:00:01","2023-01-11 06:20:16"
Easyfly,"Airbus 321",GRU,GRU,"2 escalas","2023-01-28 23:05:41","2023-01-25 11:29:15"
Easyfly,"Airbus 321",EZE,VVI,"3 escalas","2023-01-20 10:21:50","2023-01-25 19:54:21"
Easyfly,"Airbus 321",BOG,UIO,"3 escalas","2023-02-09 15:58:40","2023-02-01 02:06:18"
Easyfly,"Airbus 321",EZE,VVI,"sin escalas","2023-02-11 18:51:35","2023-02-23 22:18:07"
Easyfly,"Airbus 321",UIO,UIO,"1 escala","2023-02-21 00:51:08","2023-02-09 03:33:44"
Easyfly,"Airbus 321",SCL,BOG,"sin escalas","2023-02-07 04:32:56","2023-02-20 14:28:13"
Easyfly,"Airbus 321",VVI,GRU,"2 escalas","2023-02-14 13:58:31","2023-02-22 18:11:46"
Easyfly,"Airbus 321",GRU,SCL,"1 escala","2023-02-27 13:12:10","2023-02-10 00:31:30"
Easyfly,"Airbus 321",UIO,VVI,"1 escala","2023-02-02 19:04:43","2023-02-03 22:17:52"
Easyfly,"Airbus 321",BOG,BOG,"1 escala","2023-02-25 09:17:03","2023-02-03 21:36:41"
Easyfly,"Airbus 321",EZE,BOG,"1 escala","2023-02-08 09:12:06","2023-02-02 00:26:37"
Easyfly,"Airbus 321",EZE,SCL,"2 escalas","2023-02-14 04:17:45","2023-02-06 08:03:48"
Easyfly,"Airbus 321",EZE,EZE,"1 escala","2023-02-24 19:53:57","2023-02-08 01:42:20"
Easyfly,"Airbus 321",EZE,LIM,"sin escalas","2023-03-19 09:19:51","2023-03-08 03:49:00"
Easyfly,"Airbus 321",LIM,BOG,"2 escalas","2023-03-25 09:50:31","2023-03-26 02:25:51"
Easyfly,"Airbus 321",BOG,SCL,"sin escalas","2023-03-20 05:51:18","2023-03-21 21:34:31"
Easyfly,"Airbus 321",SCL,LIM,"sin escalas","2023-03-27 08:01:56","2023-03-19 22:34:21"
Easyfly,"Airbus 321",EZE,GRU,"2 escalas","2023-03-11 01:15:58","2023-03-10 17:03:53"
Easyfly,"Airbus 321",EZE,SCL,"1 escala","2023-03-04 21:28:04","2023-03-25 02:05:00"
Easyfly,"Airbus 321",GRU,VVI,"1 escala","2023-03-15 08:14:59","2023-03-21 18:27:33"
Easyfly,"Airbus 321",EZE,VVI,"2 escalas","2023-03-26 15:20:09","2023-03-16 03:05:41"
Easyfly,"Airbus 321",SCL,VVI,"2 escalas","2023-03-29 17:56:54","2023-03-25 16:15:20"
Easyfly,"Airbus 321",LIM,VVI,"3 escalas","2023-03-17 11:47:11","2023-03-10 00:11:01"
Easyfly,"Airbus 321",UIO,GRU,"sin escalas","2023-03-01 21:07:32","2023-03-02 21:05:29"
Easyfly,"Airbus 321",UIO,EZE,"3 escalas","2023-03-11 09:20:38","2023-03-08 05:36:06"
Easyfly,"Airbus 321",VVI,LIM,"sin escalas","2023-03-01 19:44:36","2023-03-23 13:05:20"
Easyfly,"Airbus 321",VVI,UIO,"3 escalas","2023-03-13 01:22:16","2023-03-12 04:40:34"
Easyfly,"Airbus 321",GRU,LIM,"sin escalas","2023-03-30 13:11:27","2023-03-11 13:15:29"
Easyfly,"Airbus 321",LIM,SCL,"1 escala","2023-03-02 14:10:17","2023-03-16 06:03:46"
Easyfly,"Airbus 321",VVI,SCL,"2 escalas","2023-03-26 07:50:06","2023-03-12 07:30:14"
Easyfly,"Airbus 321",BOG,SCL,"3 escalas","2023-03-13 07:23:57","2023-03-17 23:02:21"
Easyfly,"Airbus 321",EZE,VVI,"3 escalas","2023-03-13 08:17:18","2023-03-16 22:30:18"
LATAM,"Airbus 320",LIM,BOG,"sin escalas","2023-01-15 09:30:00","2023-01-15 13:35:00"
LATAM,"Airbus 320",UIO,LIM,"1 escala","2023-01-30 09:38:06","2023-01-17 19:24:46"
LATAM,"Airbus 320",UIO,VVI,"2 escalas","2023-01-14 23:07:40","2023-01-30 17:15:17"
LATAM,"Airbus 320",LIM,VVI,"sin escalas","2023-01-07 08:50:29","2023-01-07 17:01:41"
LATAM,"Airbus 320",VVI,LIM,"3 escalas","2023-01-01 16:24:27","2023-01-28 02:59:23"
LATAM,"Airbus 320",UIO,SCL,"2 escalas","2023-01-03 12:31:49","2023-01-21 12:29:10"
LATAM,"Airbus 320",BOG,BOG,"sin escalas","2023-01-10 22:22:38","2023-01-27 23:47:29"
LATAM,"Airbus 320",VVI,VVI,"sin escalas","2023-01-13 23:03:18","2023-01-07 14:50:07"
LATAM,"Airbus 320",VVI,VVI,"1 escala","2023-01-10 09:39:13","2023-01-16 10:00:45"
LATAM,"Airbus 320",LIM,UIO,"1 escala","2023-01-10 12:35:25","2023-01-12 12:07:14"
LATAM,"Airbus 320",BOG,VVI,"3 escalas","2023-01-05 13:42:42","2023-01-28 14:53:23"
LATAM,"Airbus 320",EZE,LIM,"3 escalas","2023-01-08 19:25:03","2023-01-01 11:38:34"
LATAM,"Airbus 320",BOG,EZE,"1 escala","2023-01-29 14:52:56","2023-01-18 05:51:46"
LATAM,"Airbus 320",LIM,LIM,"1 escala","2023-02-01 21:44:03","2023-02-15 20:20:35"
LATAM,"Airbus 320",GRU,VVI,"1 escala","2023-02-13 12:24:21","2023-02-26 04:45:36"
LATAM,"Airbus 320",EZE,SCL,"sin escalas","2023-02-18 13:41:15","2023-02-16 10:52:42"
LATAM,"Airbus 320",GRU,SCL,"3 escalas","2023-02-12 16:38:35","2023-02-20 22:10:09"
LATAM,"Airbus 320",SCL,VVI,"2 escalas","2023-02-02 20:38:49","2023-02-05 21:33:24"
LATAM,"Airbus 320",SCL,UIO,"2 escalas","2023-02-09 10:02:33","2023-02-02 12:55:46"
LATAM,"Airbus 320",VVI,VVI,"3 escalas","2023-02-24 12:35:15","2023-02-16 04:41:43"
LATAM,"Airbus 320",GRU,UIO,"2 escalas","2023-02-09 11:10:32","2023-02-11 22:02:13"
LATAM,"Airbus 320",SCL,VVI,"2 escalas","2023-03-06 08:27:57","2023-03-24 07:54:03"
LATAM,"Airbus 320",UIO,SCL,"3 escalas","2023-03-18 08:07:57","2023-03-13 01:13:38"
LATAM,"Airbus 320",SCL,GRU,"2 escalas","2023-03-03 09:22:34","2023-03-30 14:05:23"
LATAM,"Airbus 320",VVI,EZE,"3 escalas","2023-03-19 10:25:35","2023-03-03 02:48:47"
LATAM,"Airbus 320",EZE,GRU,"2 escalas","2023-03-19 02:21:15","2023-03-22 05:14:50"
LATAM,"Airbus 320",SCL,VVI,"1 escala","2023-03-19 14:19:06","2023-03-14 14:57:20"
LATAM,"Airbus 320",GRU,VVI,"3 escalas","2023-03-16 12:46:23","2023-03-24 09:34:52"
LATAM,"Airbus 320",EZE,GRU,"3 escalas","2023-03-03 04:32:23","2023-03-07 21:57:43"
LATAM,"Airbus 320",LIM,UIO,"1 escala","2023-03-10 06:05:57","2023-03-28 12:56:53"
LATAM,"Airbus 320",GRU,GRU,"3 escalas","2023-03-18 20:43:15","2023-03-09 13:31:16"
LATAM,"Airbus 320",LIM,SCL,"2 escalas","2023-03-17 17:49:10","2023-03-28 18:36:42"
LATAM,"Airbus 320",VVI,BOG,"2 escalas","2023-03-12 12:20:01","2023-03-21 22:48:27"
LATAM,"Airbus 320",LIM,UIO,"2 escalas","2023-03-15 06:49:52","2023-03-26 11:25:22"
LATAM,"Airbus 320",LIM,VVI,"2 escalas","2023-03-27 11:13:28","2023-03-16 09:56:33"
LATAM,"Airbus 320",LIM,BOG,"sin escalas","2023-03-25 12:15:48","2023-03-13 07:43:36"
LATAM,"Airbus 320",EZE,VVI,"1 escala","2023-03-06 18:07:15","2023-03-06 20:56:55"
LATAM,"Airbus 320",SCL,SCL,"2 escalas","2023-03-25 17:41:16","2023-03-27 05:10:25"
LATAM,"Airbus 320",BOG,BOG,"2 escalas","2023-03-27 15:42:30","2023-03-13 21:27:51"
LATAM,"Airbus 320",GRU,LIM,"3 escalas","2023-03-08 09:59:27","2023-03-20 08:12:15"
LATAM,"Airbus 320",EZE,VVI,"1 escala","2023-03-27 04:23:37","2023-03-01 08:07:39"
JetSmart,"Airbus 320",LIM,BOG,"sin escalas","2023-01-15 10:30:00","2023-01-15 14:35:00"
JetSmart,"Airbus 320",VVI,VVI,"2 escalas","2023-01-04 04:30:32","2023-01-04 00:52:33"
JetSmart,"Airbus 320",LIM,LIM,"3 escalas","2023-01-27 12:38:40","2023-01-27 00:24:28"
JetSmart,"Airbus 320",UIO,LIM,"sin escalas","2023-01-12 19:49:45","2023-01-08 11:46:46"
JetSmart,"Airbus 320",SCL,LIM,"2 escalas","2023-01-06 18:59:00","2023-01-30 00:17:02"
JetSmart,"Airbus 320",SCL,GRU,"2 escalas","2023-01-27 12:21:19","2023-01-26 08:57:31"
JetSmart,"Airbus 320",EZE,VVI,"1 escala","2023-01-04 20:35:41","2023-01-21 17:08:59"
JetSmart,"Airbus 320",SCL,LIM,"1 escala","2023-01-28 22:10:14","2023-01-17 05:28:51"
JetSmart,"Airbus 320",EZE,GRU,"1 escala","2023-01-14 20:33:19","2023-01-20 06:17:35"
JetSmart,"Airbus 320",EZE,EZE,"3 escalas","2023-01-17 18:20:54","2023-01-15 08:02:03"
JetSmart,"Airbus 320",VVI,SCL,"3 escalas","2023-01-08 03:41:38","2023-01-11 05:47:35"
JetSmart,"Airbus 320",BOG,BOG,"sin escalas","2023-01-04 19:19:55","2023-01-19 18:16:30"
JetSmart,"Airbus 320",VVI,UIO,"3 escalas","2023-01-18 10:57:10","2023-01-18 20:09:46"
JetSmart,"Airbus 320",UIO,VVI,"3 escalas","2023-01-09 02:38:45","2023-01-09 11:41:11"
JetSmart,"Airbus 320",VVI,GRU,"sin escalas","2023-01-23 15:14:49","2023-01-23 10:01:44"
JetSmart,"Airbus 320",BOG,LIM,"2 escalas","2023-02-23 04:01:58","2023-02-13 02:04:42"
JetSmart,"Airbus 320",VVI,VVI,"2 escalas","2023-02-08 21:27:21","2023-02-19 21:47:51"
JetSmart,"Airbus 320",BOG,EZE,"1 escala","2023-02-18 19:34:30","2023-02-03 12:43:33"
JetSmart,"Airbus 320",UIO,LIM,"sin escalas","2023-02-25 16:14:59","2023-02-08 19:12:43"
JetSmart,"Airbus 320",LIM,BOG,"sin escalas","2023-02-12 01:27:56","2023-02-25 00:42:13"
JetSmart,"Airbus 320",LIM,BOG,"1 escala","2023-02-12 18:36:22","2023-02-20 11:02:52"
JetSmart,"Airbus 320",LIM,GRU,"3 escalas","2023-02-04 06:09:54","2023-02-08 17:40:27"
JetSmart,"Airbus 320",UIO,SCL,"2 escalas","2023-02-18 08:39:12","2023-02-04 21:29:44"
JetSmart,"Airbus 320",LIM,BOG,"3 escalas","2023-02-18 19:02:44","2023-02-26 19:41:16"
JetSmart,"Airbus 320",EZE,GRU,"sin escalas","2023-02-09 07:33:57","2023-02-18 12:06:23"
JetSmart,"Airbus 320",GRU,SCL,"3 escalas","2023-03-08 01:38:39","2023-03-12 07:15:21"
JetSmart,"Airbus 320",UIO,GRU,"2 escalas","2023-03-21 04:20:01","2023-03-09 11:35:56"
JetSmart,"Airbus 320",GRU,VVI,"3 escalas","2023-03-04 11:16:03","2023-03-30 03:20:19"
JetSmart,"Airbus 320",LIM,BOG,"2 escalas","2023-03-21 23:49:46","2023-03-11 22:17:29"
JetSmart,"Airbus 320",LIM,BOG,"sin escalas","2023-03-12 20:54:10","2023-03-18 19:18:00"
JetSmart,"Airbus 320",UIO,UIO,"1 escala","2023-03-11 02:27:10","2023-03-14 08:22:21"
JetSmart,"Airbus 320",SCL,BOG,"sin escalas","2023-03-10 13:28:57","2023-03-18 21:03:00"
JetSmart,"Airbus 320",GRU,BOG,"3 escalas","2023-03-24 08:12:15","2023-03-20 04:49:45"
JetSmart,"Airbus 320",SCL,EZE,"1 escala","2023-03-04 01:53:05","2023-03-27 02:57:35"
JetSmart,"Airbus 320",BOG,SCL,"sin escalas","2023-03-03 00:39:44","2023-03-04 07:19:38"
JetSmart,"Airbus 320",VVI,VVI,"3 escalas","2023-03-11 06:45:08","2023-03-08 10:42:43"
JetSmart,"Airbus 320",LIM,LIM,"sin escalas","2023-03-17 04:42:51","2023-03-23 10:46:39"
JetSmart,"Airbus 320",BOG,SCL,"1 escala","2023-03-28 02:16:20","2023-03-23 01:40:48"
JetSmart,"Airbus 320",VVI,UIO,"1 escala","2023-03-17 12:58:32","2023-03-07 05:41:11"
JetSmart,"Airbus 320",BOG,GRU,"2 escalas","2023-03-07 12:29:55","2023-03-05 09:52:53"
JetSmart,"Airbus 320",LIM,GRU,"2 escalas","2023-03-07 02:10:07","2023-03-27 03:53:31"
JetSmart,"Airbus 320",BOG,LIM,"3 escalas","2023-03-28 23:20:45","2023-03-10 18:24:30"
"SKY Airline","Airbus 320",SCL,UIO,"1 escala","2023-01-13 13:37:10","2023-01-20 00:11:23"
"SKY Airline","Airbus 320",UIO,EZE,"sin escalas","2023-01-23 20:15:45","2023-01-04 23:28:31"
"SKY Airline","Airbus 320",SCL,SCL,"1 escala","2023-01-05 10:23:04","2023-01-15 09:54:24"
"SKY Airline","Airbus 320",VVI,SCL,"3 escalas","2023-01-23 08:36:51","2023-01-14 18:21:13"
"SKY Airline","Airbus 320",LIM,SCL,"3 escalas","2023-01-10 16:35:12","2023-01-05 12:06:29"
"SKY Airline","Airbus 320",LIM,SCL,"3 escalas","2023-01-09 14:59:59","2023-01-16 06:44:51"
"SKY Airline","Airbus 320",LIM,EZE,"2 escalas","2023-01-09 16:50:49","2023-01-29 22:04:04"
"SKY Airline","Airbus 320",BOG,LIM,"3 escalas","2023-01-28 14:27:48","2023-01-24 21:22:42"
"SKY Airline","Airbus 320",GRU,BOG,"3 escalas","2023-01-01 11:30:33","2023-01-17 14:51:16"
"SKY Airline","Airbus 320",LIM,UIO,"sin escalas","2023-01-08 22:22:41","2023-01-10 06:45:01"
"SKY Airline","Airbus 320",LIM,SCL,"1 escala","2023-01-02 07:02:52","2023-01-27 20:49:38"
"SKY Airline","Airbus 320",UIO,UIO,"1 escala","2023-01-14 02:53:06","2023-01-28 13:11:54"
"SKY Airline","Airbus 320",UIO,SCL,"3 escalas","2023-01-18 16:30:48","2023-01-22 00:10:39"
"SKY Airline","Airbus 320",VVI,BOG,"3 escalas","2023-02-10 16:56:30","2023-02-18 16:26:34"
"SKY Airline","Airbus 320",EZE,GRU,"sin escalas","2023-02-15 14:29:23","2023-02-27 10:42:40"
"SKY Airline","Airbus 320",LIM,SCL,"1 escala","2023-02-07 06:16:31","2023-02-07 15:00:05"
"SKY Airline","Airbus 320",BOG,LIM,"1 escala","2023-02-22 10:15:04","2023-02-16 10:55:11"
"SKY Airline","Airbus 320",BOG,UIO,"1 escala","2023-02-05 17:38:47","2023-02-26 04:02:14"
"SKY Airline","Airbus 320",LIM,UIO,"3 escalas","2023-02-19 11:22:32","2023-02-12 00:40:15"
"SKY Airline","Airbus 320",LIM,SCL,"1 escala","2023-02-20 06:10:58","2023-02-12 18:38:17"
"SKY Airline","Airbus 320",LIM,EZE,"1 escala","2023-02-06 05:58:25","2023-02-27 06:53:19"
"SKY Airline","Airbus 320",SCL,LIM,"2 escalas","2023-02-04 13:01:20","2023-02-15 01:48:36"
"SKY Airline","Airbus 320",VVI,GRU,"sin escalas","2023-02-27 01:55:39","2023-02-18 13:51:43"
"SKY Airline","Airbus 320",GRU,LIM,"2 escalas","2023-02-25 13:56:21","2023-02-19 01:46:16"
"SKY Airline","Airbus 320",BOG,GRU,"2 escalas","2023-02-20 16:20:37","2023-02-13 18:03:02"
"SKY Airline","Airbus 320",SCL,LIM,"1 escala","2023-02-21 06:16:26","2023-02-02 15:37:20"
"SKY Airline","Airbus 320",GRU,VVI,"sin escalas","2023-02-20 20:23:39","2023-02-21 10:19:05"
"SKY Airline","Airbus 320",VVI,LIM,"1 escala","2023-02-09 22:38:18","2023-02-14 04:18:32"
"SKY Airline","Airbus 320",EZE,BOG,"3 escalas","2023-02-02 00:47:17","2023-02-04 05:42:13"
"SKY Airline","Airbus 320",BOG,BOG,"3 escalas","2023-02-05 07:49:22","2023-02-19 04:12:04"
"SKY Airline","Airbus 320",SCL,VVI,"3 escalas","2023-03-24 05:57:25","2023-03-23 13:36:13"
"SKY Airline","Airbus 320",BOG,GRU,"3 escalas","2023-03-15 00:32:37","2023-03-25 13:29:11"
"SKY Airline","Airbus 320",VVI,UIO,"2 escalas","2023-03-21 21:48:16","2023-03-23 02:29:34"
"SKY Airline","Airbus 320",BOG,VVI,"sin escalas","2023-03-12 14:39:21","2023-03-15 19:00:42"
"SKY Airline","Airbus 320",VVI,UIO,"3 escalas","2023-03-20 07:34:11","2023-03-13 17:21:47"
"SKY Airline","Airbus 320",BOG,BOG,"3 escalas","2023-03-19 21:35:03","2023-03-24 16:04:35"
"SKY Airline","Airbus 320",BOG,SCL,"1 escala","2023-03-25 15:28:57","2023-03-01 19:18:29"
"SKY Airline","Airbus 320",UIO,GRU,"1 escala","2023-03-25 06:32:04","2023-03-05 13:31:22"
"SKY Airline","Airbus 320",EZE,SCL,"2 escalas","2023-03-16 01:29:50","2023-03-02 09:42:31"
"SKY Airline","Airbus 320",VVI,VVI,"1 escala","2023-03-12 17:40:45","2023-03-23 12:35:09"
"SKY Airline","Airbus 320",EZE,BOG,"sin escalas","2023-03-01 03:02:58","2023-03-28 20:50:50"
"SKY Airline","Airbus 320",GRU,VVI,"sin escalas","2023-03-22 07:28:25","2023-03-27 11:07:57"
"SKY Airline","Airbus 320",LIM,BOG,"1 escala","2023-03-18 20:14:19","2023-03-07 23:52:49"
"SKY Airline","Airbus 320",BOG,SCL,"1 escala","2023-03-09 11:29:42","2023-03-28 16:21:15"
"SKY Airline","Airbus 320",UIO,VVI,"2 escalas","2023-03-30 23:17:07","2023-03-26 00:53:40"
"SKY Airline","Airbus 320",BOG,EZE,"1 escala","2023-03-01 11:40:14","2023-03-21 22:25:38"
"SKY Airline","Airbus 320",GRU,UIO,"2 escalas","2023-03-10 13:56:03","2023-03-26 02:10:33"
"SKY Airline","Airbus 320",VVI,BOG,"2 escalas","2023-03-04 13:46:59","2023-03-08 03:48:26"
"SKY Airline","Airbus 320",SCL,UIO,"3 escalas","2023-03-20 02:12:15","2023-03-01 12:00:47"
"SKY Airline","Airbus 320",SCL,VVI,"2 escalas","2023-03-01 11:55:13","2023-03-09 07:25:59"
"SKY Airline","Airbus 320",VVI,VVI,"2 escalas","2023-03-05 01:25:23","2023-03-07 04:44:53"
GOL,"Airbus 320",BOG,EZE,"2 escalas","2023-01-21 19:14:52","2023-01-24 08:31:57"
GOL,"Airbus 320",GRU,EZE,"sin escalas","2023-01-27 19:04:19","2023-01-14 04:30:19"
GOL,"Airbus 320",UIO,VVI,"1 escala","2023-01-13 17:18:47","2023-01-07 04:31:15"
GOL,"Airbus 320",EZE,EZE,"sin escalas","2023-01-05 16:02:15","2023-01-01 10:34:48"
GOL,"Airbus 320",GRU,LIM,"2 escalas","2023-01-30 17:02:12","2023-01-14 19:29:29"
GOL,"Airbus 320",EZE,BOG,"1 escala","2023-01-08 09:36:59","2023-01-07 01:28:44"
GOL,"Airbus 320",EZE,LIM,"2 escalas","2023-01-06 12:42:44","2023-01-04 14:14:38"
GOL,"Airbus 320",UIO,VVI,"sin escalas","2023-01-23 17:57:17","2023-01-27 00:19:05"
GOL,"Airbus 320",VVI,VVI,"2 escalas","2023-01-07 22:17:58","2023-01-29 13:42:49"
GOL,"Airbus 320",LIM,UIO,"1 escala","2023-01-04 23:17:03","2023-01-12 14:57:45"
GOL,"Airbus 320",BOG,BOG,"3 escalas","2023-01-07 12:15:39","2023-01-14 13:00:21"
GOL,"Airbus 320",VVI,SCL,"3 escalas","2023-01-08 14:34:09","2023-01-05 01:47:32"
GOL,"Airbus 320",VVI,SCL,"1 escala","2023-01-19 18:07:49","2023-01-15 21:29:07"
GOL,"Airbus 320",EZE,SCL,"3 escalas","2023-01-21 00:11:51","2023-01-19 22:16:26"
GOL,"Airbus 320",SCL,UIO,"1 escala","2023-01-12 22:54:47","2023-01-22 05:53:51"
GOL,"Airbus 320",SCL,SCL,"sin escalas","2023-01-13 00:51:05","2023-01-08 04:18:12"
GOL,"Airbus 320",BOG,UIO,"3 escalas","2023-02-26 19:53:50","2023-02-13 13:00:47"
GOL,"Airbus 320",VVI,GRU,"1 escala","2023-02-11 02:17:17","2023-02-09 18:13:33"
GOL,"Airbus 320",SCL,GRU,"sin escalas","2023-02-19 15:01:15","2023-02-24 05:00:33"
GOL,"Airbus 320",LIM,EZE,"1 escala","2023-02-27 13:25:53","2023-02-11 21:50:58"
GOL,"Airbus 320",SCL,EZE,"1 escala","2023-02-09 12:02:59","2023-02-14 09:28:20"
GOL,"Airbus 320",UIO,BOG,"2 escalas","2023-02-26 03:12:20","2023-02-03 10:00:15"
GOL,"Airbus 320",BOG,LIM,"1 escala","2023-02-01 11:26:50","2023-02-15 19:23:50"
GOL,"Airbus 320",SCL,SCL,"3 escalas","2023-02-19 18:38:14","2023-02-08 22:02:57"
GOL,"Airbus 320",LIM,BOG,"3 escalas","2023-02-20 10:19:19","2023-02-08 22:48:19"
GOL,"Airbus 320",EZE,SCL,"sin escalas","2023-02-13 19:04:08","2023-02-20 01:23:43"
GOL,"Airbus 320",GRU,BOG,"3 escalas","2023-02-24 01:32:20","2023-02-19 09:42:20"
GOL,"Airbus 320",UIO,UIO,"1 escala","2023-02-04 13:02:56","2023-02-25 00:48:14"
GOL,"Airbus 320",UIO,GRU,"2 escalas","2023-02-19 06:28:10","2023-02-19 14:50:46"
GOL,"Airbus 320",UIO,EZE,"3 escalas","2023-02-04 03:27:29","2023-02-26 12:53:37"
GOL,"Airbus 320",VVI,GRU,"sin escalas","2023-02-15 09:39:28","2023-02-15 00:00:24"
GOL,"Airbus 320",LIM,EZE,"3 escalas","2023-02-25 10:37:53","2023-02-23 20:42:46"
GOL,"Airbus 320",BOG,SCL,"1 escala","2023-02-19 21:51:19","2023-02-18 03:13:46"
GOL,"Airbus 320",LIM,VVI,"3 escalas","2023-02-26 12:49:06","2023-02-14 04:04:04"
GOL,"Airbus 320",EZE,BOG,"sin escalas","2023-02-27 11:10:05","2023-02-22 14:09:07"
GOL,"Airbus 320",VVI,GRU,"3 escalas","2023-03-12 08:46:34","2023-03-20 08:34:10"
GOL,"Airbus 320",LIM,UIO,"sin escalas","2023-03-06 21:52:19","2023-03-15 18:01:12"
GOL,"Airbus 320",UIO,BOG,"2 escalas","2023-03-20 00:11:25","2023-03-04 22:51:24"
GOL,"Airbus 320",SCL,BOG,"1 escala","2023-03-01 02:31:06","2023-03-20 03:14:54"
GOL,"Airbus 320",LIM,VVI,"1 escala","2023-03-01 04:59:41","2023-03-24 10:50:56"
GOL,"Airbus 320",UIO,VVI,"sin escalas","2023-03-02 09:10:04","2023-03-13 21:12:56"
GOL,"Airbus 320",UIO,LIM,"sin escalas","2023-03-07 21:01:25","2023-03-01 03:51:46"
GOL,"Airbus 320",GRU,LIM,"3 escalas","2023-03-20 13:22:39","2023-03-01 04:00:34"
GOL,"Airbus 320",LIM,LIM,"2 escalas","2023-03-11 19:36:25","2023-03-19 22:58:05"
GOL,"Airbus 320",EZE,BOG,"3 escalas","2023-03-21 17:18:37","2023-03-20 21:02:30"
GOL,"Airbus 320",LIM,SCL,"sin escalas","2023-03-25 01:46:23","2023-03-07 07:43:10"
GOL,"Airbus 320",BOG,LIM,"2 escalas","2023-03-29 05:56:47","2023-03-29 01:09:11"
GOL,"Airbus 320",VVI,LIM,"sin escalas","2023-03-15 16:57:33","2023-03-18 07:45:31"
GOL,"Airbus 320",EZE,GRU,"1 escala","2023-03-19 23:47:06","2023-03-09 00:16:32"
GOL,"Airbus 320",EZE,EZE,"sin escalas","2023-03-20 00:11:28","2023-03-25 09:29:35"
GOL,"Airbus 320",BOG,LIM,"1 escala","2023-03-21 02:05:37","2023-03-11 01:37:49"
GOL,"Airbus 320",SCL,VVI,"2 escalas","2023-03-04 22:28:19","2023-03-16 03:00:52"
GOL,"Airbus 320",GRU,GRU,"1 escala","2023-03-25 12:40:16","2023-03-24 18:56:02"
GOL,"Airbus 320",GRU,EZE,"2 escalas","2023-03-04 20:51:11","2023-03-05 17:27:19"
Easyfly,"Airbus 320",UIO,GRU,"sin escalas","2023-01-13 14:05:23","2023-01-03 06:21:22"
Easyfly,"Airbus 320",EZE,BOG,"sin escalas","2023-01-03 03:48:55","2023-01-28 08:23:05"
Easyfly,"Airbus 320",LIM,LIM,"2 escalas","2023-01-30 04:07:44","2023-01-16 20:19:50"
Easyfly,"Airbus 320",GRU,SCL,"3 escalas","2023-01-19 01:16:56","2023-01-25 03:04:20"
Easyfly,"Airbus 320",EZE,LIM,"1 escala","2023-01-21 09:06:04","2023-01-20 21:58:12"
Easyfly,"Airbus 320",BOG,VVI,"2 escalas","2023-01-08 02:34:19","2023-01-05 10:45:39"
Easyfly,"Airbus 320",SCL,VVI,"2 escalas","2023-01-07 03:29:21","2023-01-11 21:45:38"
Easyfly,"Airbus 320",VVI,GRU,"sin escalas","2023-01-24 07:05:44","2023-01-17 08:45:00"
Easyfly,"Airbus 320",UIO,VVI,"sin escalas","2023-01-01 16:36:21","2023-01-19 12:35:35"
Easyfly,"Airbus 320",BOG,LIM,"sin escalas","2023-01-09 07:12:04","2023-01-02 06:09:32"
Easyfly,"Airbus 320",UIO,EZE,"sin escalas","2023-01-13 22:57:57","2023-01-10 11:06:27"
Easyfly,"Airbus 320",SCL,BOG,"2 escalas","2023-01-10 06:17:20","2023-01-03 04:28:09"
Easyfly,"Airbus 320",EZE,SCL,"3 escalas","2023-01-17 19:58:52","2023-01-27 05:27:32"
Easyfly,"Airbus 320",VVI,SCL,"2 escalas","2023-01-04 02:33:26","2023-01-05 11:31:17"
Easyfly,"Airbus 320",UIO,EZE,"1 escala","2023-01-15 00:13:04","2023-01-24 13:29:40"
Easyfly,"Airbus 320",GRU,VVI,"1 escala","2023-01-13 00:49:00","2023-01-29 00:40:33"
Easyfly,"Airbus 320",EZE,GRU,"1 escala","2023-01-24 00:56:23","2023-01-30 05:47:33"
Easyfly,"Airbus 320",SCL,VVI,"1 escala","2023-01-23 21:59:19","2023-01-06 15:36:18"
Easyfly,"Airbus 320",LIM,SCL,"1 escala","2023-01-19 21:17:22","2023-01-16 16:17:53"
Easyfly,"Airbus 320",VVI,VVI,"3 escalas","2023-02-23 10:40:08","2023-02-20 06:17:40"
Easyfly,"Airbus 320",VVI,GRU,"2 escalas","2023-02-16 05:07:20","2023-02-20 05:45:09"
Easyfly,"Airbus 320",EZE,EZE,"sin escalas","2023-02-09 11:05:17","2023-02-02 12:20:15"
Easyfly,"Airbus 320",GRU,SCL,"2 escalas","2023-02-21 17:37:22","2023-02-10 13:54:15"
Easyfly,"Airbus 320",SCL,SCL,"1 escala","2023-02-02 07:31:10","2023-02-15 17:30:55"
Easyfly,"Airbus 320",EZE,VVI,"sin escalas","2023-02-01 22:11:58","2023-02-13 07:22:35"
Easyfly,"Airbus 320",SCL,UIO,"3 escalas","2023-02-19 23:55:17","2023-02-05 08:26:32"
Easyfly,"Airbus 320",LIM,GRU,"sin escalas","2023-02-07 20:55:57","2023-02-12 12:41:01"
Easyfly,"Airbus 320",VVI,BOG,"sin escalas","2023-02-17 15:47:01","2023-02-03 08:37:20"
Easyfly,"Airbus 320",VVI,SCL,"3 escalas","2023-02-04 04:28:45","2023-02-21 11:54:06"
Easyfly,"Airbus 320",VVI,GRU,"sin escalas","2023-02-25 08:48:31","2023-02-08 15:05:59"
Easyfly,"Airbus 320",LIM,LIM,"sin escalas","2023-02-12 00:34:25","2023-02-07 17:07:52"
Easyfly,"Airbus 320",BOG,SCL,"2 escalas","2023-02-01 02:56:06","2023-02-01 11:22:40"
Easyfly,"Airbus 320",EZE,LIM,"1 escala","2023-02-27 05:31:32","2023-02-01 16:04:32"
Easyfly,"Airbus 320",VVI,UIO,"sin escalas","2023-03-19 02:28:29","2023-03-20 00:48:52"
Easyfly,"Airbus 320",GRU,EZE,"1 escala","2023-03-27 22:37:34","2023-03-04 17:00:47"
Easyfly,"Airbus 320",SCL,EZE,"1 escala","2023-03-09 12:51:03","2023-03-23 21:20:21"
Easyfly,"Airbus 320",GRU,GRU,"2 escalas","2023-03-10 22:57:07","2023-03-04 21:22:30"
Easyfly,"Airbus 320",EZE,GRU,"sin escalas","2023-03-06 16:03:11","2023-03-30 04:20:26"
Easyfly,"Airbus 320",EZE,VVI,"1 escala","2023-03-12 01:38:05","2023-03-10 06:52:41"
Easyfly,"Airbus 320",LIM,LIM,"3 escalas","2023-03-10 05:36:20","2023-03-02 13:23:18"
Easyfly,"Airbus 320",GRU,GRU,"3 escalas","2023-03-26 18:32:41","2023-03-20 11:58:31"
Easyfly,"Airbus 320",UIO,UIO,"sin escalas","2023-03-09 12:22:29","2023-03-17 22:06:05"
Easyfly,"Airbus 320",LIM,BOG,"sin escalas","2023-03-18 03:21:00","2023-03-24 23:33:50"
Easyfly,"Airbus 320",EZE,SCL,"2 escalas","2023-03-04 16:24:49","2023-03-16 16:20:52"
Easyfly,"Airbus 320",BOG,VVI,"sin escalas","2023-03-27 18:06:33","2023-03-23 12:46:33"
Easyfly,"Airbus 320",EZE,GRU,"2 escalas","2023-03-28 02:20:00","2023-03-15 10:29:24"
Easyfly,"Airbus 320",SCL,UIO,"sin escalas","2023-03-15 01:22:36","2023-03-23 21:02:06"
Easyfly,"Airbus 320",SCL,BOG,"sin escalas","2023-03-13 20:31:31","2023-03-29 23:22:23"
Easyfly,"Airbus 320",BOG,VVI,"2 escalas","2023-03-16 16:07:26","2023-03-10 21:31:03"
Easyfly,"Airbus 320",UIO,GRU,"2 escalas","2023-03-22 03:53:20","2023-03-07 02:35:24"
Easyfly,"Airbus 320",EZE,GRU,"2 escalas","2023-03-30 16:15:20","2023-03-14 12:16:37"
Easyfly,"Airbus 320",BOG,UIO,"3 escalas","2023-03-07 06:04:29","2023-03-11 05:48:37"
Easyfly,"Airbus 320",GRU,EZE,"3 escalas","2023-03-15 19:28:37","2023-03-01 13:46:27"
Easyfly,"Airbus 320",LIM,UIO,"2 escalas","2023-03-10 04:50:20","2023-03-07 11:36:42"
Easyfly,"Airbus 320",SCL,VVI,"sin escalas","2023-03-02 09:33:37","2023-03-16 08:48:27"
Easyfly,"Airbus 320",GRU,VVI,"sin escalas","2023-03-04 19:50:06","2023-03-20 10:37:26"
Easyfly,"Airbus 320",LIM,GRU,"1 escala","2023-03-07 12:13:27","2023-03-18 18:13:37"
Easyfly,"Airbus 320",EZE,UIO,"3 escalas","2023-03-20 14:46:25","2023-03-11 20:01:29"
Easyfly,"Airbus 320",UIO,EZE,"3 escalas","2023-03-28 23:43:09","2023-03-25 17:55:44"
Easyfly,"Airbus 320",EZE,BOG,"1 escala","2023-03-03 04:40:29","2023-03-28 06:32:52"
Easyfly,"Airbus 320",EZE,GRU,"sin escalas","2023-03-17 10:28:34","2023-03-24 17:20:22"
Easyfly,"Airbus 320",SCL,SCL,"sin escalas","2023-03-03 19:26:32","2023-03-24 05:34:35"
Easyfly,"Airbus 320",LIM,BOG,"sin escalas","2023-03-09 11:09:56","2023-03-16 08:16:56"
Easyfly,"Airbus 320",SCL,GRU,"sin escalas","2023-03-26 14:38:52","2023-03-07 23:09:25"
LATAM,"Boeing 787",EZE,BOG,"sin escalas","2023-01-11 01:37:19","2023-01-19 14:38:22"
LATAM,"Boeing 787",BOG,VVI,"sin escalas","2023-01-24 20:43:17","2023-01-29 11:44:57"
LATAM,"Boeing 787",EZE,EZE,"2 escalas","2023-01-02 17:38:27","2023-01-02 14:17:30"
LATAM,"Boeing 787",VVI,LIM,"sin escalas","2023-01-07 13:48:21","2023-01-13 05:02:54"
LATAM,"Boeing 787",LIM,EZE,"3 escalas","2023-01-27 14:28:00","2023-01-11 22:30:42"
LATAM,"Boeing 787",LIM,VVI,"3 escalas","2023-01-01 10:01:43","2023-01-23 16:23:29"
LATAM,"Boeing 787",LIM,BOG,"sin escalas","2023-01-25 02:58:56","2023-01-12 08:13:25"
LATAM,"Boeing 787",GRU,EZE,"3 escalas","2023-01-12 20:43:23","2023-01-29 17:51:53"
LATAM,"Boeing 787",EZE,UIO,"2 escalas","2023-01-20 01:41:12","2023-01-21 19:45:02"
LATAM,"Boeing 787",UIO,VVI,"1 escala","2023-01-03 10:25:26","2023-01-17 10:02:17"
LATAM,"Boeing 787",EZE,VVI,"sin escalas","2023-01-01 15:41:59","2023-01-11 18:07:39"
LATAM,"Boeing 787",VVI,EZE,"1 escala","2023-01-24 18:00:05","2023-01-15 19:04:30"
LATAM,"Boeing 787",UIO,UIO,"2 escalas","2023-01-03 10:17:01","2023-01-20 07:10:10"
LATAM,"Boeing 787",BOG,BOG,"3 escalas","2023-01-18 20:15:18","2023-01-26 14:04:38"
LATAM,"Boeing 787",VVI,SCL,"sin escalas","2023-02-03 14:20:44","2023-02-02 17:09:28"
LATAM,"Boeing 787",LIM,LIM,"2 escalas","2023-02-08 16:31:02","2023-02-02 01:05:40"
LATAM,"Boeing 787",UIO,GRU,"1 escala","2023-02-24 10:16:55","2023-02-26 14:01:23"
LATAM,"Boeing 787",GRU,LIM,"2 escalas","2023-02-01 07:05:46","2023-02-10 00:29:40"
LATAM,"Boeing 787",SCL,UIO,"3 escalas","2023-02-07 00:32:16","2023-02-14 23:20:52"
LATAM,"Boeing 787",SCL,VVI,"1 escala","2023-02-23 20:02:17","2023-02-09 12:44:07"
LATAM,"Boeing 787",EZE,BOG,"sin escalas","2023-02-05 13:26:57","2023-02-05 21:47:52"
LATAM,"Boeing 787",SCL,EZE,"2 escalas","2023-02-24 21:32:10","2023-02-07 09:47:09"
LATAM,"Boeing 787",VVI,UIO,"3 escalas","2023-02-20 23:01:47","2023-02-26 22:06:03"
LATAM,"Boeing 787",GRU,UIO,"3 escalas","2023-02-16 19:07:54","2023-02-26 06:41:29"
LATAM,"Boeing 787",SCL,EZE,"2 escalas","2023-02-12 14:30:59","2023-02-22 10:12:59"
LATAM,"Boeing 787",EZE,GRU,"3 escalas","2023-02-13 05:00:10","2023-02-12 18:49:58"
LATAM,"Boeing 787",LIM,UIO,"1 escala","2023-02-25 19:50:22","2023-02-20 21:48:20"
LATAM,"Boeing 787",UIO,BOG,"sin escalas","2023-03-14 01:48:50","2023-03-17 16:34:59"
LATAM,"Boeing 787",UIO,BOG,"3 escalas","2023-03-17 01:26:09","2023-03-12 16:06:36"
LATAM,"Boeing 787",EZE,EZE,"sin escalas","2023-03-25 10:37:38","2023-03-05 01:33:54"
LATAM,"Boeing 787",UIO,LIM,"3 escalas","2023-03-15 15:37:19","2023-03-11 20:19:43"
LATAM,"Boeing 787",VVI,GRU,"2 escalas","2023-03-05 23:30:08","2023-03-03 12:32:01"
LATAM,"Boeing 787",SCL,BOG,"2 escalas","2023-03-10 04:40:56","2023-03-04 12:11:03"
LATAM,"Boeing 787",BOG,BOG,"sin escalas","2023-03-07 02:46:31","2023-03-08 13:30:22"
LATAM,"Boeing 787",GRU,LIM,"2 escalas","2023-03-21 04:30:17","2023-03-24 09:52:11"
LATAM,"Boeing 787",SCL,BOG,"3 escalas","2023-03-27 04:39:34","2023-03-27 20:07:03"
LATAM,"Boeing 787",GRU,EZE,"1 escala","2023-03-23 01:35:01","2023-03-02 10:30:54"
LATAM,"Boeing 787",LIM,VVI,"3 escalas","2023-03-02 08:38:46","2023-03-02 00:25:11"
LATAM,"Boeing 787",UIO,VVI,"2 escalas","2023-03-25 16:36:58","2023-03-27 16:04:40"
LATAM,"Boeing 787",UIO,LIM,"sin escalas","2023-03-16 13:28:26","2023-03-16 23:12:33"
LATAM,"Boeing 787",BOG,BOG,"3 escalas","2023-03-03 02:07:57","2023-03-10 15:03:12"
LATAM,"Boeing 787",BOG,GRU,"1 escala","2023-03-07 02:57:49","2023-03-25 14:07:46"
LATAM,"Boeing 787",SCL,VVI,"sin escalas","2023-03-26 08:22:09","2023-03-16 08:36:24"
LATAM,"Boeing 787",UIO,UIO,"sin escalas","2023-03-15 17:58:33","2023-03-27 14:25:36"
LATAM,"Boeing 787",VVI,GRU,"sin escalas","2023-03-14 14:36:01","2023-03-27 00:44:33"
LATAM,"Boeing 787",LIM,GRU,"2 escalas","2023-03-20 07:23:42","2023-03-05 23:09:27"
LATAM,"Boeing 787",UIO,UIO,"sin escalas","2023-03-24 23:12:42","2023-03-02 10:19:22"
LATAM,"Boeing 787",UIO,LIM,"sin escalas","2023-03-09 04:31:33","2023-03-11 22:59:49"
LATAM,"Boeing 787",UIO,EZE,"2 escalas","2023-03-30 00:09:43","2023-03-11 04:23:27"
LATAM,"Boeing 787",EZE,VVI,"3 escalas","2023-03-12 12:30:53","2023-03-08 06:25:09"
LATAM,"Boeing 787",LIM,SCL,"3 escalas","2023-03-01 13:01:57","2023-03-20 05:35:10"
LATAM,"Boeing 787",GRU,BOG,"1 escala","2023-03-24 08:28:56","2023-03-04 10:06:58"
LATAM,"Boeing 787",SCL,BOG,"2 escalas","2023-03-24 20:40:08","2023-03-25 19:52:05"
LATAM,"Boeing 787",LIM,SCL,"2 escalas","2023-03-14 01:47:24","2023-03-20 02:47:33"
LATAM,"Boeing 787",GRU,SCL,"sin escalas","2023-03-04 17:47:49","2023-03-25 01:51:49"
LATAM,"Boeing 787",EZE,BOG,"3 escalas","2023-03-09 08:12:22","2023-03-21 15:52:03"
"SKY Airline","Boeing 787",GRU,GRU,"2 escalas","2023-01-23 08:39:07","2023-01-15 02:10:58"
"SKY Airline","Boeing 787",SCL,UIO,"sin escalas","2023-01-18 05:25:05","2023-01-03 00:46:37"
"SKY Airline","Boeing 787",EZE,VVI,"sin escalas","2023-01-08 00:38:11","2023-01-26 09:39:14"
"SKY Airline","Boeing 787",EZE,LIM,"1 escala","2023-01-25 18:34:30","2023-01-12 01:10:41"
"SKY Airline","Boeing 787",LIM,LIM,"2 escalas","2023-01-30 23:53:33","2023-01-04 23:20:49"
"SKY Airline","Boeing 787",VVI,VVI,"1 escala","2023-01-23 23:22:51","2023-01-21 14:53:29"
"SKY Airline","Boeing 787",VVI,LIM,"1 escala","2023-01-01 07:07:12","2023-01-16 23:37:14"
"SKY Airline","Boeing 787",UIO,UIO,"1 escala","2023-01-19 23:17:54","2023-01-04 08:18:18"
"SKY Airline","Boeing 787",EZE,VVI,"1 escala","2023-01-07 16:39:23","2023-01-21 07:34:03"
"SKY Airline","Boeing 787",GRU,SCL,"sin escalas","2023-01-11 03:02:12","2023-01-16 16:55:20"
"SKY Airline","Boeing 787",LIM,VVI,"2 escalas","2023-01-05 07:33:42","2023-01-09 18:59:57"
"SKY Airline","Boeing 787",LIM,SCL,"1 escala","2023-01-12 13:19:12","2023-01-02 05:15:52"
"SKY Airline","Boeing 787",GRU,SCL,"2 escalas","2023-01-30 09:35:02","2023-01-02 12:00:12"
"SKY Airline","Boeing 787",VVI,SCL,"sin escalas","2023-01-29 05:51:33","2023-01-13 01:58:56"
"SKY Airline","Boeing 787",BOG,UIO,"2 escalas","2023-01-04 00:31:17","2023-01-30 17:32:37"
"SKY Airline","Boeing 787",VVI,SCL,"2 escalas","2023-02-14 00:14:39","2023-02-15 09:06:47"
"SKY Airline","Boeing 787",LIM,VVI,"1 escala","2023-02-26 09:04:28","2023-02-25 04:01:24"
"SKY Airline","Boeing 787",UIO,UIO,"3 escalas","2023-02-26 12:09:01","2023-02-21 13:47:29"
"SKY Airline","Boeing 787",BOG,EZE,"2 escalas","2023-02-27 18:40:12","2023-02-06 19:36:01"
"SKY Airline","Boeing 787",EZE,LIM,"1 escala","2023-02-03 03:40:07","2023-02-22 01:23:26"
"SKY Airline","Boeing 787",VVI,VVI,"3 escalas","2023-02-24 17:41:43","2023-02-16 15:14:50"
"SKY Airline","Boeing 787",EZE,LIM,"3 escalas","2023-02-14 04:14:20","2023-02-06 16:57:55"
"SKY Airline","Boeing 787",EZE,UIO,"sin escalas","2023-02-03 21:32:31","2023-02-14 11:55:34"
"SKY Airline","Boeing 787",SCL,SCL,"3 escalas","2023-02-21 01:08:44","2023-02-14 23:31:00"
"SKY Airline","Boeing 787",EZE,EZE,"1 escala","2023-02-20 03:03:26","2023-02-15 22:43:52"
"SKY Airline","Boeing 787",SCL,VVI,"1 escala","2023-02-10 16:23:36","2023-02-09 11:05:35"
"SKY Airline","Boeing 787",BOG,BOG,"1 escala","2023-02-19 06:24:51","2023-02-16 19:35:26"
"SKY Airline","Boeing 787",GRU,LIM,"2 escalas","2023-03-29 07:50:36","2023-03-29 13:38:17"
"SKY Airline","Boeing 787",BOG,SCL,"sin escalas","2023-03-25 10:02:28","2023-03-19 06:04:06"
"SKY Airline","Boeing 787",UIO,SCL,"3 escalas","2023-03-12 20:24:29","2023-03-18 07:31:19"
"SKY Airline","Boeing 787",EZE,VVI,"sin escalas","2023-03-07 23:50:17","2023-03-19 12:59:51"
"SKY Airline","Boeing 787",VVI,BOG,"sin escalas","2023-03-16 15:11:10","2023-03-26 08:35:28"
"SKY Airline","Boeing 787",EZE,SCL,"2 escalas","2023-03-11 23:07:41","2023-03-05 22:20:24"
"SKY Airline","Boeing 787",LIM,UIO,"3 escalas","2023-03-08 12:27:39","2023-03-26 00:05:50"
"SKY Airline","Boeing 787",EZE,SCL,"3 escalas","2023-03-02 03:44:01","2023-03-20 06:56:21"
"SKY Airline","Boeing 787",GRU,BOG,"2 escalas","2023-03-14 18:16:53","2023-03-29 19:39:40"
"SKY Airline","Boeing 787",EZE,LIM,"1 escala","2023-03-27 16:28:59","2023-03-10 14:06:37"
"SKY Airline","Boeing 787",EZE,BOG,"1 escala","2023-03-16 13:49:12","2023-03-24 03:22:40"
"SKY Airline","Boeing 787",VVI,EZE,"sin escalas","2023-03-30 03:04:12","2023-03-09 12:19:23"
"SKY Airline","Boeing 787",SCL,LIM,"2 escalas","2023-03-18 02:26:14","2023-03-16 01:20:04"
"SKY Airline","Boeing 787",GRU,GRU,"3 escalas","2023-03-26 05:39:59","2023-03-04 13:44:47"
"SKY Airline","Boeing 787",SCL,UIO,"3 escalas","2023-03-16 05:54:11","2023-03-10 09:56:34"
"SKY Airline","Boeing 787",EZE,GRU,"3 escalas","2023-03-24 22:43:58","2023-03-24 22:40:57"
"SKY Airline","Boeing 787",LIM,BOG,"1 escala","2023-03-10 19:30:30","2023-03-01 04:31:07"
"SKY Airline","Boeing 787",BOG,SCL,"1 escala","2023-03-13 07:51:21","2023-03-10 15:42:43"
"SKY Airline","Boeing 787",VVI,VVI,"sin escalas","2023-03-06 23:57:36","2023-03-17 05:30:41"
"SKY Airline","Boeing 787",EZE,VVI,"3 escalas","2023-03-24 04:59:00","2023-03-27 04:09:42"
"SKY Airline","Boeing 787",BOG,SCL,"3 escalas","2023-03-01 18:02:05","2023-03-05 04:18:23"
"SKY Airline","Boeing 787",LIM,SCL,"1 escala","2023-03-19 12:32:00","2023-03-11 03:48:07"
GOL,"Boeing 787",VVI,BOG,"sin escalas","2023-01-29 14:14:39","2023-01-01 19:22:18"
GOL,"Boeing 787",SCL,BOG,"1 escala","2023-01-18 20:25:48","2023-01-02 09:18:45"
GOL,"Boeing 787",GRU,VVI,"2 escalas","2023-01-30 01:59:15","2023-01-17 13:58:45"
GOL,"Boeing 787",BOG,SCL,"2 escalas","2023-01-17 12:42:30","2023-01-09 01:36:42"
GOL,"Boeing 787",VVI,LIM,"sin escalas","2023-01-02 01:40:55","2023-01-04 01:08:50"
GOL,"Boeing 787",GRU,EZE,"3 escalas","2023-01-22 14:26:34","2023-01-28 13:15:06"
GOL,"Boeing 787",SCL,UIO,"sin escalas","2023-01-08 06:52:57","2023-01-04 23:52:37"
GOL,"Boeing 787",SCL,LIM,"2 escalas","2023-01-21 19:03:42","2023-01-11 01:51:32"
GOL,"Boeing 787",VVI,EZE,"sin escalas","2023-01-14 04:26:09","2023-01-26 09:44:57"
GOL,"Boeing 787",VVI,VVI,"2 escalas","2023-01-11 04:46:34","2023-01-04 09:28:21"
GOL,"Boeing 787",GRU,LIM,"1 escala","2023-01-21 20:25:49","2023-01-03 23:07:54"
GOL,"Boeing 787",UIO,LIM,"2 escalas","2023-01-19 03:56:41","2023-01-17 07:09:06"
GOL,"Boeing 787",BOG,SCL,"2 escalas","2023-01-22 00:59:54","2023-01-13 23:21:16"
GOL,"Boeing 787",EZE,GRU,"sin escalas","2023-01-24 03:55:08","2023-01-15 14:57:17"
GOL,"Boeing 787",SCL,VVI,"sin escalas","2023-01-11 18:28:57","2023-01-29 00:20:44"
GOL,"Boeing 787",SCL,SCL,"3 escalas","2023-01-22 02:24:16","2023-01-25 04:46:02"
GOL,"Boeing 787",EZE,GRU,"3 escalas","2023-02-21 11:51:14","2023-02-02 20:10:27"
GOL,"Boeing 787",EZE,GRU,"1 escala","2023-02-14 13:23:32","2023-02-05 06:58:31"
GOL,"Boeing 787",GRU,LIM,"sin escalas","2023-02-27 19:39:04","2023-02-10 22:20:46"
GOL,"Boeing 787",BOG,GRU,"3 escalas","2023-02-09 07:10:11","2023-02-26 22:37:10"
GOL,"Boeing 787",VVI,VVI,"sin escalas","2023-02-24 15:32:03","2023-02-20 16:59:20"
GOL,"Boeing 787",UIO,UIO,"3 escalas","2023-02-05 03:25:04","2023-02-18 23:16:01"
GOL,"Boeing 787",UIO,SCL,"3 escalas","2023-02-08 06:10:29","2023-02-08 12:50:17"
GOL,"Boeing 787",VVI,SCL,"1 escala","2023-02-01 01:20:34","2023-02-17 16:11:18"
GOL,"Boeing 787",VVI,GRU,"1 escala","2023-02-04 02:18:51","2023-02-26 16:38:08"
GOL,"Boeing 787",UIO,GRU,"3 escalas","2023-02-07 09:31:09","2023-02-02 09:26:21"
GOL,"Boeing 787",UIO,EZE,"2 escalas","2023-02-09 00:59:12","2023-02-26 11:21:31"
GOL,"Boeing 787",BOG,UIO,"3 escalas","2023-02-05 00:39:19","2023-02-01 14:41:28"
GOL,"Boeing 787",SCL,GRU,"2 escalas","2023-03-02 12:20:34","2023-03-10 15:06:18"
GOL,"Boeing 787",BOG,LIM,"3 escalas","2023-03-17 22:55:07","2023-03-30 10:33:41"
GOL,"Boeing 787",UIO,SCL,"2 escalas","2023-03-17 19:31:11","2023-03-28 20:35:22"
GOL,"Boeing 787",SCL,EZE,"2 escalas","2023-03-28 08:39:49","2023-03-08 14:20:20"
GOL,"Boeing 787",SCL,BOG,"3 escalas","2023-03-27 00:36:57","2023-03-17 21:35:21"
GOL,"Boeing 787",SCL,UIO,"sin escalas","2023-03-11 14:44:53","2023-03-15 06:46:15"
GOL,"Boeing 787",VVI,UIO,"sin escalas","2023-03-15 07:36:47","2023-03-17 00:47:47"
GOL,"Boeing 787",SCL,GRU,"1 escala","2023-03-23 06:35:30","2023-03-24 20:49:07"
GOL,"Boeing 787",SCL,GRU,"3 escalas","2023-03-19 16:13:49","2023-03-02 11:36:06"
GOL,"Boeing 787",GRU,SCL,"3 escalas","2023-03-05 13:33:15","2023-03-23 10:49:16"
GOL,"Boeing 787",LIM,UIO,"1 escala","2023-03-05 12:19:15","2023-03-24 02:32:19"
GOL,"Boeing 787",GRU,SCL,"1 escala","2023-03-21 01:23:34","2023-03-21 02:48:48"
GOL,"Boeing 787",SCL,VVI,"3 escalas","2023-03-26 04:12:21","2023-03-01 23:30:47"
GOL,"Boeing 787",UIO,GRU,"1 escala","2023-03-13 20:00:37","2023-03-08 18:59:29"
GOL,"Boeing 787",SCL,UIO,"2 escalas","2023-03-22 13:56:02","2023-03-05 10:53:49"
GOL,"Boeing 787",EZE,SCL,"sin escalas","2023-03-12 08:36:09","2023-03-28 10:34:30"
GOL,"Boeing 787",EZE,UIO,"sin escalas","2023-03-25 18:18:05","2023-03-16 03:55:09"
GOL,"Boeing 787",UIO,VVI,"3 escalas","2023-03-11 13:30:23","2023-03-12 08:05:25"
LATAM,"Boeing 777",BOG,BOG,"sin escalas","2023-01-09 10:39:18","2023-01-21 08:45:09"
LATAM,"Boeing 777",LIM,EZE,"3 escalas","2023-01-28 09:05:06","2023-01-07 03:03:28"
LATAM,"Boeing 777",GRU,EZE,"3 escalas","2023-01-25 06:32:58","2023-01-14 01:27:04"
LATAM,"Boeing 777",EZE,VVI,"sin escalas","2023-01-04 03:05:01","2023-01-25 21:05:45"
LATAM,"Boeing 777",EZE,LIM,"2 escalas","2023-01-20 17:30:14","2023-01-13 07:43:27"
LATAM,"Boeing 777",LIM,BOG,"3 escalas","2023-01-12 03:41:12","2023-01-17 05:32:31"
LATAM,"Boeing 777",VVI,VVI,"1 escala","2023-01-10 11:22:10","2023-01-20 10:51:32"
LATAM,"Boeing 777",LIM,GRU,"sin escalas","2023-01-24 05:10:31","2023-01-15 13:33:01"
LATAM,"Boeing 777",VVI,EZE,"3 escalas","2023-01-30 19:13:08","2023-01-03 17:39:40"
LATAM,"Boeing 777",BOG,EZE,"2 escalas","2023-01-05 00:06:00","2023-01-03 11:42:11"
LATAM,"Boeing 777",UIO,UIO,"sin escalas","2023-01-05 20:57:54","2023-01-28 04:33:59"
LATAM,"Boeing 777",LIM,LIM,"3 escalas","2023-01-06 04:53:19","2023-01-07 08:36:21"
LATAM,"Boeing 777",BOG,UIO,"1 escala","2023-01-23 13:57:12","2023-01-13 07:37:26"
LATAM,"Boeing 777",LIM,GRU,"2 escalas","2023-02-27 13:05:04","2023-02-22 20:56:14"
LATAM,"Boeing 777",UIO,SCL,"1 escala","2023-02-23 13:30:26","2023-02-21 09:29:05"
LATAM,"Boeing 777",BOG,UIO,"2 escalas","2023-02-27 15:49:08","2023-02-03 09:09:43"
LATAM,"Boeing 777",UIO,BOG,"3 escalas","2023-02-10 13:01:54","2023-02-20 11:52:33"
LATAM,"Boeing 777",UIO,GRU,"sin escalas","2023-02-01 04:42:06","2023-02-23 17:21:59"
LATAM,"Boeing 777",VVI,EZE,"sin escalas","2023-02-24 05:09:19","2023-02-17 12:34:14"
LATAM,"Boeing 777",BOG,VVI,"1 escala","2023-02-23 09:44:04","2023-02-17 20:36:24"
LATAM,"Boeing 777",LIM,EZE,"2 escalas","2023-02-26 16:41:47","2023-02-18 07:11:05"
LATAM,"Boeing 777",GRU,GRU,"2 escalas","2023-02-02 19:06:09","2023-02-11 15:49:23"
LATAM,"Boeing 777",BOG,BOG,"2 escalas","2023-02-05 13:09:44","2023-02-17 04:21:56"
LATAM,"Boeing 777",LIM,UIO,"sin escalas","2023-02-15 12:39:18","2023-02-20 15:50:23"
LATAM,"Boeing 777",SCL,GRU,"sin escalas","2023-02-15 07:14:57","2023-02-05 19:51:59"
LATAM,"Boeing 777",GRU,EZE,"3 escalas","2023-02-06 04:34:44","2023-02-18 21:19:40"
LATAM,"Boeing 777",UIO,EZE,"2 escalas","2023-02-17 05:26:24","2023-02-07 11:54:32"
LATAM,"Boeing 777",BOG,SCL,"1 escala","2023-03-27 09:37:16","2023-03-19 00:20:20"
LATAM,"Boeing 777",GRU,LIM,"2 escalas","2023-03-16 09:08:26","2023-03-04 14:29:30"
LATAM,"Boeing 777",EZE,SCL,"sin escalas","2023-03-09 10:27:57","2023-03-19 08:34:05"
LATAM,"Boeing 777",EZE,GRU,"1 escala","2023-03-13 03:29:55","2023-03-26 20:17:47"
LATAM,"Boeing 777",BOG,VVI,"sin escalas","2023-03-02 15:37:25","2023-03-09 20:11:42"
LATAM,"Boeing 777",SCL,LIM,"sin escalas","2023-03-25 09:05:30","2023-03-24 09:09:43"
LATAM,"Boeing 777",GRU,BOG,"2 escalas","2023-03-17 16:44:23","2023-03-01 04:15:49"
LATAM,"Boeing 777",EZE,UIO,"3 escalas","2023-03-19 01:27:09","2023-03-28 11:35:10"
LATAM,"Boeing 777",VVI,SCL,"sin escalas","2023-03-28 14:04:16","2023-03-11 16:21:17"
LATAM,"Boeing 777",SCL,EZE,"1 escala","2023-03-17 11:58:17","2023-03-02 10:52:50"
LATAM,"Boeing 777",SCL,UIO,"1 escala","2023-03-23 09:00:09","2023-03-25 14:38:33"
LATAM,"Boeing 777",VVI,UIO,"3 escalas","2023-03-29 22:44:18","2023-03-23 07:13:21"
LATAM,"Boeing 777",UIO,LIM,"sin escalas","2023-03-18 05:19:27","2023-03-20 14:21:16"
LATAM,"Boeing 777",VVI,SCL,"sin escalas","2023-03-30 13:59:53","2023-03-01 00:19:05"
LATAM,"Boeing 777",VVI,LIM,"1 escala","2023-03-03 11:51:58","2023-03-06 14:12:30"
