nombre,apellidos,correo,aerolinea,origen,"destino final",escalas,equipaje,asiento,fecha,precio_final,pago
Ardelis,"Joost Jelf",ajelf8@prlog.org,LATAM,GRU,UIO,"2 escalas",basico+carry_on+grande,Aleatorio,2022-12-28,840,"tarjeta de credito"
Daniella,"Arrighetti Heard",dheardc@linkedin.com,GOL,GRU,SCL,"1 escala",basico+carry_on+extragrande,Aleatorio,2022-12-28,940,"tarjeta de credito"
Nessie,"Minshall Flounders",nflounders1d@indiatimes.com,LATAM,BOG,SCL,"1 escala",basico+carry_on+grande,Aleatorio,2022-12-28,649,"tarjeta de credito"
Haze,"Bedells Flaune",hflaune1h@japanpost.jp,JetSmart,BOG,BOG,"sin escalas",basico+carry_on,Aleatorio,2022-12-28,886,"tarjeta debito"
Bentley,"Allden Bushrod",bbushrody@woothemes.com,GOL,LIM,VVI,"3 escalas",basico+carry_on,Aleatorio,2022-12-28,701,"tarjeta de credito"
Tedman,"Eschelle Maliphant",tmaliphantp@cnn.com,LATAM,LIM,VVI,"3 escalas",basico+carry_on+extragrande,Aleatorio,2022-12-28,551,"tarjeta debito"
Daphene,"Neylon Pauwel",dpauweld@smugmug.com,"SKY Airline",LIM,EZE,"2 escalas",basico+carry_on+grande,Aleatorio,2022-12-28,834,paypal
Nessie,"Minshall Flounders",nflounders1d@indiatimes.com,JetSmart,LIM,BOG,"2 escalas",basico+carry_on,Aleatorio,2022-12-28,695,"tarjeta de credito"
Sterne,"Yakushkev Mossbee",smossbee1b@ovh.net,LATAM,LIM,UIO,"1 escala",basico,Aleatorio,2022-12-28,626,"tarjeta de credito"
Ardelis,"Joost Jelf",ajelf8@prlog.org,LATAM,SCL,UIO,"2 escalas",posterior+mano,Posterior,2022-12-28,723,paypal
Haze,"Bedells Flaune",hflaune1h@japanpost.jp,LATAM,SCL,BOG,"2 escalas",basico+carry_on+grande,Aleatorio,2022-12-28,586,"tarjeta debito"
Fernanda,"Masias Rosinelli",f.masias@hotmail.com,Easyfly,SCL,GRU,"1 escala",basico,Aleatorio,2022-12-28,680,"tarjeta debito"
Brnaba,"Beckinsale Marchant",bmarchant4@altervista.org,Easyfly,SCL,VVI,"1 escala",basico+carry_on+extragrande,Aleatorio,2022-12-28,619,"tarjeta de credito"
Bethany,"Brixey Basford",bbasford0@nyu.edu,Easyfly,SCL,LIM,"sin escalas",posterior+mano,Posterior,2022-12-28,586,"tarjeta debito"
Emmey,"Pryell Tewkesbury",etewkesburyt@cornell.edu,JetSmart,SCL,BOG,"sin escalas",basico+carry_on,Aleatorio,2022-12-28,782,"tarjeta de credito"
Brnaba,"Beckinsale Marchant",bmarchant4@altervista.org,GOL,VVI,GRU,"3 escalas",basico,Aleatorio,2022-12-28,678,"tarjeta de credito"
Steffane,"Nuemann Stoltz",sstoltz1k@patch.com,GOL,VVI,VVI,"2 escalas",posterior+mano,Posterior,2022-12-28,749,"tarjeta debito"
Camila,"Alvarez Cueva",camila_24@hotmail.com,"SKY Airline",VVI,UIO,"2 escalas",basico+carry_on,Aleatorio,2022-12-28,716,"tarjeta debito"
Daphene,"Neylon Pauwel",dpauweld@smugmug.com,LATAM,VVI,GRU,"2 escalas",basico+carry_on,Aleatorio,2022-12-28,835,"tarjeta de credito"
Cris,"Channer Deabill",cdeabillk@geocities.com,GOL,VVI,LIM,"2 escalas",basico+carry_on+extragrande,Aleatorio,2022-12-28,831,"tarjeta de credito"
Mariana,"Hoyos Saavedra",marianita@gmail.com,LATAM,VVI,VVI,"1 escala",basico,Aleatorio,2022-12-28,751,paypal
Mariana,"Hoyos Saavedra",marianita@gmail.com,GOL,VVI,GRU,"sin escalas",basico+carry_on+grande,Aleatorio,2022-12-28,803,"tarjeta debito"
Lauren,"Westnedge L'Hommeau",llhommeaub@rambler.ru,GOL,VVI,GRU,"sin escalas",basico+carry_on+extragrande,Aleatorio,2022-12-28,729,"tarjeta debito"
Godfry,"Lyle Strathe",gstrathe16@amazon.com,"SKY Airline",VVI,BOG,"sin escalas",basico,Aleatorio,2022-12-28,775,"tarjeta debito"
Josiah,"Buckam Bedder",jbedderg@php.net,LATAM,VVI,GRU,"sin escalas",basico+carry_on,Aleatorio,2022-12-28,749,"tarjeta de credito"
Dimitri,"Guille Arter",darteri@europa.eu,Easyfly,VVI,LIM,"sin escalas",posterior+mano,Posterior,2022-12-28,513,paypal
Gaelan,"Clemanceau Stilly",gstillyf@jugem.jp,GOL,UIO,SCL,"3 escalas",posterior+mano,Posterior,2022-12-28,588,paypal
Margery,"Frammingham Kosel",mkosel6@skype.com,LATAM,UIO,EZE,"3 escalas",basico+carry_on+extragrande,Aleatorio,2022-12-28,947,"tarjeta debito"
Alphonse,"Dowyer De Angelis",adeangelis1i@sfgate.com,GOL,UIO,UIO,"1 escala",basico+carry_on+grande,Aleatorio,2022-12-28,827,paypal
Fernando,"Martinez Rodriguez",f.martinez@hotmail.com,LATAM,UIO,GRU,"sin escalas",basico+carry_on+extragrande,Aleatorio,2022-12-28,688,paypal
Tully,"Mishaw Scargill",tscargill1a@tinyurl.com,Easyfly,EZE,VVI,"3 escalas",basico+carry_on,Aleatorio,2022-12-28,598,"tarjeta debito"
Manda,"Crumbie Paudin",mpaudinq@imdb.com,Easyfly,EZE,VVI,"2 escalas",basico+carry_on+grande,Aleatorio,2022-12-28,648,"tarjeta de credito"
Hershel,"Rosewall Murrish",hmurrish1@shop-pro.jp,Easyfly,EZE,GRU,"2 escalas",basico+carry_on+grande,Aleatorio,2022-12-28,763,"tarjeta de credito"
Steffane,"Nuemann Stoltz",sstoltz1k@patch.com,"SKY Airline",EZE,SCL,"2 escalas",posterior+mano,Posterior,2022-12-28,719,"tarjeta debito"
Bentley,"Allden Bushrod",bbushrody@woothemes.com,Easyfly,EZE,LIM,"1 escala",posterior+mano,Posterior,2022-12-28,719,"tarjeta de credito"
Karly,"Renac Gormally",kgormally1n@mapquest.com,Easyfly,EZE,SCL,"1 escala",basico+carry_on+grande,Aleatorio,2022-12-28,812,paypal
Fernando,"Martinez Rodriguez",f.martinez@hotmail.com,LATAM,EZE,BOG,"sin escalas",posterior+mano,Posterior,2022-12-28,798,"tarjeta de credito"
Lauren,"Westnedge L'Hommeau",llhommeaub@rambler.ru,LATAM,EZE,SCL,"sin escalas",basico,Aleatorio,2022-12-28,542,"tarjeta de credito"
Tedman,"Eschelle Maliphant",tmaliphantp@cnn.com,LATAM,GRU,LIM,"3 escalas",basico+carry_on+grande,Aleatorio,2022-12-24,678,"tarjeta debito"
Paula,"Paulos Chirinos",m.paul.34@gmail.com,GOL,GRU,LIM,"2 escalas",basico+carry_on+grande,Aleatorio,2022-12-24,577,"tarjeta de credito"
Trefor,"Stucksbury Gorgen",tgorgen1f@tinyurl.com,"SKY Airline",GRU,BOG,"2 escalas",posterior+mano,Posterior,2022-12-24,753,paypal
Margery,"Frammingham Kosel",mkosel6@skype.com,"SKY Airline",GRU,SCL,"sin escalas",basico+carry_on,Aleatorio,2022-12-24,570,"tarjeta de credito"
Emmey,"Pryell Tewkesbury",etewkesburyt@cornell.edu,"SKY Airline",GRU,EZE,"sin escalas",basico+carry_on+grande,Aleatorio,2022-12-24,757,"tarjeta de credito"
Britte,"Wandrey Myrie",bmyrier@feedburner.com,LATAM,BOG,SCL,"3 escalas",basico+carry_on+grande,Aleatorio,2022-12-24,749,"tarjeta de credito"
Cullan,"Mauger Ubsdell",cubsdell2@omniture.com,JetSmart,BOG,SCL,"2 escalas",basico+carry_on+extragrande,Aleatorio,2022-12-24,739,"tarjeta de credito"
Felipe,"Guerrero Perez",guerrero.265@hotmail.com,GOL,BOG,LIM,"2 escalas",basico+carry_on+grande,Aleatorio,2022-12-24,815,"tarjeta debito"
Penn,"Palser Cudmore",pcudmorex@sogou.com,JetSmart,BOG,SCL,"1 escala",basico+carry_on+extragrande,Aleatorio,2022-12-24,831,paypal
Bentley,"Allden Bushrod",bbushrody@woothemes.com,Easyfly,LIM,LIM,"3 escalas",posterior+mano,Posterior,2022-12-24,850,"tarjeta de credito"
Niel,"Scotter Rohlf",nrohlf1g@elegantthemes.com,"SKY Airline",LIM,UIO,"3 escalas",posterior+mano,Posterior,2022-12-24,695,"tarjeta de credito"
Radcliffe,"Millar Bearward",rbearwardw@mashable.com,GOL,LIM,SCL,"2 escalas",posterior+mano,Posterior,2022-12-24,507,"tarjeta debito"
Rory,"Antoniottii Morforth",rmorforth17@sakura.ne.jp,JetSmart,LIM,GRU,"2 escalas",basico+carry_on,Aleatorio,2022-12-24,732,paypal
Yule,"Bineham Montfort",ymontfort18@odnoklassniki.ru,LATAM,LIM,GRU,"1 escala",posterior+mano,Posterior,2022-12-24,652,"tarjeta debito"
Radcliffe,"Millar Bearward",rbearwardw@mashable.com,GOL,LIM,UIO,"1 escala",basico,Aleatorio,2022-12-24,594,"tarjeta debito"
Patricio,"Vitale Hoyos",vitale.p@gmail.com,LATAM,LIM,EZE,"sin escalas",basico,Aleatorio,2022-12-24,689,"tarjeta de credito"
Keelia,"Bellworthy Mushart",kmushart15@digg.com,Easyfly,LIM,LIM,"sin escalas",posterior+mano,Posterior,2022-12-24,504,"tarjeta de credito"
Rabbi,"Rydzynski Laddle",rladdleo@usgs.gov,"SKY Airline",SCL,UIO,"3 escalas",basico,Aleatorio,2022-12-24,668,"tarjeta de credito"
Ambrosius,"Horlick Josselsohn",ajosselsohnj@360.cn,GOL,SCL,UIO,"2 escalas",basico+carry_on+grande,Aleatorio,2022-12-24,658,"tarjeta de credito"
Hallsy,"Lingley Scudamore",hscudamore1c@cbsnews.com,"SKY Airline",SCL,LIM,"1 escala",basico+carry_on+grande,Aleatorio,2022-12-24,527,"tarjeta de credito"
Malynda,"Gallety Trump",mtrump7@live.com,LATAM,SCL,VVI,"1 escala",basico+carry_on+extragrande,Aleatorio,2022-12-24,914,"tarjeta de credito"
Fernando,"Martinez Rodriguez",f.martinez@hotmail.com,"SKY Airline",VVI,BOG,"3 escalas",basico,Aleatorio,2022-12-24,755,"tarjeta debito"
Godfry,"Lyle Strathe",gstrathe16@amazon.com,Easyfly,VVI,SCL,"3 escalas",basico+carry_on+extragrande,Aleatorio,2022-12-24,918,"tarjeta de credito"
Luce,"Packman Largen",llargen11@jimdo.com,LATAM,VVI,VVI,"3 escalas",posterior+mano,Posterior,2022-12-24,765,"tarjeta de credito"
Ambrosius,"Horlick Josselsohn",ajosselsohnj@360.cn,LATAM,VVI,BOG,"2 escalas",basico,Aleatorio,2022-12-24,721,"tarjeta de credito"
Cherin,"Flowers Nussey",cnussey5@blogspot.com,"SKY Airline",VVI,LIM,"1 escala",posterior+mano,Posterior,2022-12-24,581,"tarjeta de credito"
Anderea,"Dawes Primarolo",aprimarolol@weibo.com,JetSmart,VVI,GRU,"sin escalas",basico+carry_on+grande,Aleatorio,2022-12-24,603,"tarjeta debito"
Sterne,"Yakushkev Mossbee",smossbee1b@ovh.net,GOL,VVI,UIO,"sin escalas",basico+carry_on,Aleatorio,2022-12-24,741,paypal
Hallsy,"Lingley Scudamore",hscudamore1c@cbsnews.com,LATAM,UIO,SCL,"3 escalas",basico+carry_on+grande,Aleatorio,2022-12-24,690,paypal
Paula,"Paulos Chirinos",m.paul.34@gmail.com,"SKY Airline",UIO,SCL,"3 escalas",basico+carry_on+extragrande,Aleatorio,2022-12-24,565,"tarjeta de credito"
Penn,"Palser Cudmore",pcudmorex@sogou.com,JetSmart,UIO,SCL,"2 escalas",basico+carry_on,Aleatorio,2022-12-24,647,"tarjeta de credito"
Hershel,"Rosewall Murrish",hmurrish1@shop-pro.jp,"SKY Airline",UIO,VVI,"2 escalas",basico+carry_on+extragrande,Aleatorio,2022-12-24,613,"tarjeta de credito"
Francisca,"Carles Oda",foda10@uiuc.edu,"SKY Airline",UIO,UIO,"1 escala",basico+carry_on+grande,Aleatorio,2022-12-24,530,"tarjeta de credito"
Tedman,"Eschelle Maliphant",tmaliphantp@cnn.com,"SKY Airline",UIO,LIM,"1 escala",posterior+mano,Posterior,2022-12-24,765,"tarjeta debito"
Stanford,"Fateley Wogdon",swogdonm@abc.net.au,JetSmart,UIO,UIO,"1 escala",posterior+mano,Posterior,2022-12-24,694,"tarjeta de credito"
Dena,"Lamy Duffer",dduffer9@typepad.com,JetSmart,UIO,LIM,"sin escalas",basico+carry_on+extragrande,Aleatorio,2022-12-24,708,"tarjeta de credito"
Daniella,"Arrighetti Heard",dheardc@linkedin.com,GOL,EZE,SCL,"3 escalas",posterior+mano,Posterior,2022-12-24,724,"tarjeta de credito"
Felipe,"Guerrero Perez",guerrero.265@hotmail.com,GOL,EZE,SCL,"2 escalas",basico,Aleatorio,2022-12-24,846,"tarjeta de credito"
Mariana,"Hoyos Saavedra",marianita@gmail.com,JetSmart,EZE,VVI,"2 escalas",basico+carry_on+extragrande,Aleatorio,2022-12-24,948,"tarjeta debito"
Bentley,"Allden Bushrod",bbushrody@woothemes.com,LATAM,EZE,GRU,"1 escala",posterior+mano,Posterior,2022-12-24,525,"tarjeta de credito"
Olive,"Dallimare Chugg",ochugg12@prweb.com,JetSmart,EZE,LIM,"1 escala",basico+carry_on,Aleatorio,2022-12-24,669,"tarjeta de credito"
Rowen,"Beauchamp Farquhar",rfarquhars@usnews.com,Easyfly,EZE,BOG,"1 escala",basico+carry_on,Aleatorio,2022-12-24,842,"tarjeta debito"
Margery,"Frammingham Kosel",mkosel6@skype.com,Easyfly,EZE,LIM,"1 escala",basico+carry_on,Aleatorio,2022-12-24,629,paypal
Bethany,"Brixey Basford",bbasford0@nyu.edu,Easyfly,EZE,VVI,"1 escala",posterior+mano,Posterior,2022-12-24,764,"tarjeta de credito"
Cullan,"Mauger Ubsdell",cubsdell2@omniture.com,LATAM,EZE,VVI,"sin escalas",basico+carry_on+extragrande,Aleatorio,2022-12-24,536,"tarjeta de credito"
Jerry,"Duffitt Covill",jcovillh@etsy.com,"SKY Airline",GRU,VVI,"sin escalas",posterior+mano,Posterior,2022-12-11,616,"tarjeta debito"
Daphene,"Neylon Pauwel",dpauweld@smugmug.com,JetSmart,BOG,LIM,"2 escalas",basico+carry_on+grande,Aleatorio,2022-12-11,677,paypal
Camila,"Alvarez Cueva",camila_24@hotmail.com,Easyfly,BOG,BOG,"1 escala",basico+carry_on,Aleatorio,2022-12-11,702,paypal
Mauricio,"Quintero Diaz",q.m.1987@hotmail.com,GOL,BOG,LIM,"1 escala",basico,Aleatorio,2022-12-11,740,"tarjeta de credito"
Niel,"Scotter Rohlf",nrohlf1g@elegantthemes.com,LATAM,BOG,VVI,"sin escalas",basico+carry_on+extragrande,Aleatorio,2022-12-11,756,"tarjeta debito"
Rowen,"Beauchamp Farquhar",rfarquhars@usnews.com,LATAM,BOG,BOG,"sin escalas",basico+carry_on+extragrande,Aleatorio,2022-12-11,950,"tarjeta debito"
Bentley,"Allden Bushrod",bbushrody@woothemes.com,JetSmart,LIM,BOG,"3 escalas",basico,Aleatorio,2022-12-11,513,paypal
Tully,"Mishaw Scargill",tscargill1a@tinyurl.com,LATAM,LIM,EZE,"2 escalas",basico+carry_on+grande,Aleatorio,2022-12-11,640,"tarjeta debito"
Rabbi,"Rydzynski Laddle",rladdleo@usgs.gov,"SKY Airline",LIM,BOG,"1 escala",basico+carry_on,Aleatorio,2022-12-11,603,"tarjeta de credito"
Mart,"Scruby Orrocks",morrockse@ameblo.jp,GOL,LIM,UIO,"sin escalas",basico+carry_on+grande,Aleatorio,2022-12-11,882,"tarjeta debito"
Yule,"Bineham Montfort",ymontfort18@odnoklassniki.ru,"SKY Airline",SCL,UIO,"3 escalas",basico+carry_on+extragrande,Aleatorio,2022-12-11,753,"tarjeta de credito"
Malynda,"Gallety Trump",mtrump7@live.com,GOL,SCL,BOG,"1 escala",basico+carry_on+grande,Aleatorio,2022-12-11,784,"tarjeta debito"
Bentley,"Allden Bushrod",bbushrody@woothemes.com,JetSmart,SCL,EZE,"1 escala",basico+carry_on+extragrande,Aleatorio,2022-12-11,920,paypal
Gaelan,"Clemanceau Stilly",gstillyf@jugem.jp,GOL,SCL,SCL,"sin escalas",basico,Aleatorio,2022-12-11,694,"tarjeta debito"
Lois,"Blaxley Maleney",lmaleney1j@wordpress.com,GOL,SCL,SCL,"sin escalas",basico+carry_on+grande,Aleatorio,2022-12-11,864,paypal
Josiah,"Buckam Bedder",jbedderg@php.net,Easyfly,SCL,SCL,"sin escalas",basico+carry_on+grande,Aleatorio,2022-12-11,930,paypal
Haze,"Bedells Flaune",hflaune1h@japanpost.jp,"SKY Airline",VVI,LIM,"2 escalas",basico+carry_on+extragrande,Aleatorio,2022-12-11,865,"tarjeta de credito"
Steffane,"Nuemann Stoltz",sstoltz1k@patch.com,LATAM,VVI,LIM,"1 escala",basico+carry_on,Aleatorio,2022-12-11,625,"tarjeta de credito"
Lindsay,"Molden Domico",ldomico3@indiegogo.com,GOL,VVI,SCL,"1 escala",basico+carry_on+grande,Aleatorio,2022-12-11,715,"tarjeta de credito"
Penn,"Palser Cudmore",pcudmorex@sogou.com,GOL,VVI,SCL,"1 escala",basico+carry_on,Aleatorio,2022-12-11,838,"tarjeta debito"
Hortensia,"Breache Isham",hisham1m@t.co,"SKY Airline",VVI,VVI,"1 escala",basico+carry_on+grande,Aleatorio,2022-12-11,906,"tarjeta debito"
Godfry,"Lyle Strathe",gstrathe16@amazon.com,LATAM,VVI,LIM,"sin escalas",basico+carry_on+grande,Aleatorio,2022-12-11,503,"tarjeta de credito"
Josiah,"Buckam Bedder",jbedderg@php.net,"SKY Airline",VVI,SCL,"sin escalas",basico+carry_on,Aleatorio,2022-12-11,827,"tarjeta de credito"
Bethany,"Brixey Basford",bbasford0@nyu.edu,LATAM,VVI,EZE,"sin escalas",basico,Aleatorio,2022-12-11,510,paypal
Haze,"Bedells Flaune",hflaune1h@japanpost.jp,LATAM,VVI,SCL,"sin escalas",basico+carry_on,Aleatorio,2022-12-11,846,"tarjeta debito"
Trefor,"Stucksbury Gorgen",tgorgen1f@tinyurl.com,GOL,UIO,EZE,"3 escalas",posterior+mano,Posterior,2022-12-11,846,"tarjeta debito"
Channa,"Durban Whyard",cwhyard1e@timesonline.co.uk,JetSmart,UIO,VVI,"2 escalas",basico+carry_on,Aleatorio,2022-12-11,672,"tarjeta debito"
Mariana,"Hoyos Saavedra",marianita@gmail.com,LATAM,UIO,LIM,"sin escalas",posterior+mano,Posterior,2022-12-11,772,"tarjeta debito"
Felipe,"Guerrero Perez",guerrero.265@hotmail.com,JetSmart,EZE,EZE,"3 escalas",basico+carry_on,Aleatorio,2022-12-11,833,"tarjeta debito"
Tedman,"Eschelle Maliphant",tmaliphantp@cnn.com,JetSmart,EZE,GRU,"1 escala",posterior+mano,Posterior,2022-12-11,751,"tarjeta debito"
Ambrosius,"Horlick Josselsohn",ajosselsohnj@360.cn,"SKY Airline",EZE,BOG,"1 escala",basico,Aleatorio,2022-12-11,786,paypal
Mariana,"Hoyos Saavedra",marianita@gmail.com,GOL,EZE,BOG,"sin escalas",basico+carry_on+grande,Aleatorio,2022-12-11,675,"tarjeta debito"
Britte,"Wandrey Myrie",bmyrier@feedburner.com,GOL,EZE,UIO,"sin escalas",basico+carry_on+extragrande,Aleatorio,2022-12-11,885,"tarjeta de credito"
Katherine,"Romero Soto",kath.r.18@hotmail.com,LATAM,GRU,UIO,"3 escalas",basico+carry_on,Aleatorio,2022-12-08,893,paypal
Ardelis,"Joost Jelf",ajelf8@prlog.org,JetSmart,GRU,EZE,"2 escalas",basico,Aleatorio,2022-12-08,505,"tarjeta de credito"
Hortensia,"Breache Isham",hisham1m@t.co,GOL,GRU,EZE,"2 escalas",basico+carry_on,Aleatorio,2022-12-08,710,"tarjeta de credito"
Bentley,"Allden Bushrod",bbushrody@woothemes.com,Easyfly,GRU,VVI,"1 escala",posterior+mano,Posterior,2022-12-08,634,"tarjeta de credito"
Trefor,"Stucksbury Gorgen",tgorgen1f@tinyurl.com,LATAM,GRU,BOG,"1 escala",posterior+mano,Posterior,2022-12-08,674,"tarjeta de credito"
Alphonse,"Dowyer De Angelis",adeangelis1i@sfgate.com,JetSmart,GRU,SCL,"sin escalas",basico+carry_on+grande,Aleatorio,2022-12-08,802,paypal
Karly,"Renac Gormally",kgormally1n@mapquest.com,LATAM,GRU,GRU,"sin escalas",basico,Aleatorio,2022-12-08,840,paypal
Yule,"Bineham Montfort",ymontfort18@odnoklassniki.ru,LATAM,BOG,VVI,"3 escalas",basico+carry_on+extragrande,Aleatorio,2022-12-08,930,"tarjeta debito"
Dedie,"Trahar McJury",dmcjuryu@umich.edu,GOL,BOG,GRU,"3 escalas",basico,Aleatorio,2022-12-08,796,"tarjeta de credito"
Paula,"Paulos Chirinos",m.paul.34@gmail.com,JetSmart,BOG,SCL,"3 escalas",basico+carry_on+extragrande,Aleatorio,2022-12-08,614,"tarjeta de credito"
Tully,"Mishaw Scargill",tscargill1a@tinyurl.com,Easyfly,BOG,UIO,"3 escalas",basico+carry_on+grande,Aleatorio,2022-12-08,649,"tarjeta de credito"
Emmey,"Pryell Tewkesbury",etewkesburyt@cornell.edu,JetSmart,BOG,VVI,"3 escalas",basico+carry_on+grande,Aleatorio,2022-12-08,888,"tarjeta de credito"
Bentley,"Allden Bushrod",bbushrody@woothemes.com,"SKY Airline",BOG,SCL,"2 escalas",basico+carry_on+grande,Aleatorio,2022-12-08,595,"tarjeta debito"
Brnaba,"Beckinsale Marchant",bmarchant4@altervista.org,LATAM,BOG,EZE,"1 escala",basico+carry_on,Aleatorio,2022-12-08,757,"tarjeta de credito"
Trefor,"Stucksbury Gorgen",tgorgen1f@tinyurl.com,"SKY Airline",BOG,LIM,"1 escala",posterior+mano,Posterior,2022-12-08,691,paypal
Timmy,"Seawell Doolan",tdoolan1l@youku.com,LATAM,BOG,VVI,"sin escalas",posterior+mano,Posterior,2022-12-08,594,"tarjeta de credito"
Keelia,"Bellworthy Mushart",kmushart15@digg.com,LATAM,BOG,BOG,"sin escalas",basico,Aleatorio,2022-12-08,737,"tarjeta debito"
Gaelan,"Clemanceau Stilly",gstillyf@jugem.jp,GOL,LIM,BOG,"3 escalas",posterior+mano,Posterior,2022-12-08,665,"tarjeta de credito"
Rorie,"Bowdon Wibberley",rwibberleyv@reverbnation.com,LATAM,LIM,SCL,"2 escalas",basico+carry_on,Aleatorio,2022-12-08,718,"tarjeta de credito"
Timmy,"Seawell Doolan",tdoolan1l@youku.com,"SKY Airline",LIM,SCL,"1 escala",posterior+mano,Posterior,2022-12-08,796,"tarjeta debito"
Trefor,"Stucksbury Gorgen",tgorgen1f@tinyurl.com,"SKY Airline",LIM,VVI,"1 escala",basico+carry_on+extragrande,Aleatorio,2022-12-08,827,paypal
Luce,"Packman Largen",llargen11@jimdo.com,GOL,LIM,GRU,"1 escala",basico+carry_on+grande,Aleatorio,2022-12-08,525,"tarjeta debito"
Patricio,"Vitale Hoyos",vitale.p@gmail.com,"SKY Airline",LIM,VVI,"1 escala",basico,Aleatorio,2022-12-08,591,"tarjeta de credito"
Paula,"Paulos Chirinos",m.paul.34@gmail.com,LATAM,LIM,BOG,"sin escalas",basico+carry_on+grande,Aleatorio,2022-12-08,750,"tarjeta de credito"
Patricio,"Vitale Hoyos",vitale.p@gmail.com,"SKY Airline",SCL,VVI,"3 escalas",posterior+mano,Posterior,2022-12-08,588,"tarjeta de credito"
Paula,"Paulos Chirinos",m.paul.34@gmail.com,GOL,SCL,LIM,"2 escalas",basico+carry_on+extragrande,Aleatorio,2022-12-08,582,paypal
Alphonse,"Dowyer De Angelis",adeangelis1i@sfgate.com,LATAM,SCL,GRU,"2 escalas",basico+carry_on+extragrande,Aleatorio,2022-12-08,764,"tarjeta de credito"
Tully,"Mishaw Scargill",tscargill1a@tinyurl.com,GOL,SCL,BOG,"1 escala",posterior+mano,Posterior,2022-12-08,621,paypal
Fernanda,"Masias Rosinelli",f.masias@hotmail.com,LATAM,SCL,EZE,"1 escala",basico,Aleatorio,2022-12-08,803,"tarjeta de credito"
Emmey,"Pryell Tewkesbury",etewkesburyt@cornell.edu,LATAM,VVI,EZE,"3 escalas",posterior+mano,Posterior,2022-12-08,568,"tarjeta de credito"
Britte,"Wandrey Myrie",bmyrier@feedburner.com,JetSmart,VVI,UIO,"3 escalas",basico,Aleatorio,2022-12-08,562,"tarjeta de credito"
Elizabet,"Hackwell Hyatt",ehyatt14@diigo.com,Easyfly,VVI,UIO,"3 escalas",basico+carry_on+grande,Aleatorio,2022-12-08,689,"tarjeta debito"
Cris,"Channer Deabill",cdeabillk@geocities.com,GOL,VVI,UIO,"2 escalas",basico,Aleatorio,2022-12-08,658,paypal
Lois,"Blaxley Maleney",lmaleney1j@wordpress.com,GOL,VVI,VVI,"sin escalas",basico+carry_on+extragrande,Aleatorio,2022-12-08,577,"tarjeta de credito"
Mauricio,"Quintero Diaz",q.m.1987@hotmail.com,Easyfly,VVI,BOG,"sin escalas",basico,Aleatorio,2022-12-08,682,"tarjeta de credito"
Anderea,"Dawes Primarolo",aprimarolol@weibo.com,LATAM,VVI,SCL,"sin escalas",basico+carry_on+grande,Aleatorio,2022-12-08,731,paypal
Anderea,"Dawes Primarolo",aprimarolol@weibo.com,LATAM,UIO,BOG,"3 escalas",posterior+mano,Posterior,2022-12-08,590,paypal
Lauren,"Westnedge L'Hommeau",llhommeaub@rambler.ru,GOL,UIO,SCL,"3 escalas",basico,Aleatorio,2022-12-08,576,"tarjeta de credito"
Sterne,"Yakushkev Mossbee",smossbee1b@ovh.net,LATAM,UIO,VVI,"2 escalas",basico+carry_on,Aleatorio,2022-12-08,885,"tarjeta de credito"
Cris,"Channer Deabill",cdeabillk@geocities.com,LATAM,UIO,UIO,"2 escalas",basico+carry_on+extragrande,Aleatorio,2022-12-08,590,"tarjeta de credito"
Britte,"Wandrey Myrie",bmyrier@feedburner.com,LATAM,UIO,EZE,"2 escalas",basico+carry_on+extragrande,Aleatorio,2022-12-08,549,"tarjeta de credito"
Daphene,"Neylon Pauwel",dpauweld@smugmug.com,GOL,UIO,UIO,"2 escalas",basico+carry_on+extragrande,Aleatorio,2022-12-08,769,"tarjeta debito"
Godfry,"Lyle Strathe",gstrathe16@amazon.com,"SKY Airline",UIO,VVI,"2 escalas",posterior+mano,Posterior,2022-12-08,686,paypal
Jerry,"Duffitt Covill",jcovillh@etsy.com,LATAM,UIO,EZE,"2 escalas",basico+carry_on+grande,Aleatorio,2022-12-08,781,"tarjeta debito"
Alphonse,"Dowyer De Angelis",adeangelis1i@sfgate.com,LATAM,UIO,LIM,"sin escalas",basico+carry_on+extragrande,Aleatorio,2022-12-08,522,"tarjeta debito"
Patricio,"Vitale Hoyos",vitale.p@gmail.com,GOL,UIO,VVI,"sin escalas",basico+carry_on+extragrande,Aleatorio,2022-12-08,881,"tarjeta debito"
Channa,"Durban Whyard",cwhyard1e@timesonline.co.uk,JetSmart,UIO,SCL,"sin escalas",posterior+mano,Posterior,2022-12-08,716,"tarjeta de credito"
Daniella,"Arrighetti Heard",dheardc@linkedin.com,"SKY Airline",EZE,GRU,"3 escalas",basico+carry_on+grande,Aleatorio,2022-12-08,527,"tarjeta de credito"
Manda,"Crumbie Paudin",mpaudinq@imdb.com,LATAM,EZE,GRU,"2 escalas",basico+carry_on+grande,Aleatorio,2022-12-08,854,"tarjeta debito"
Manda,"Crumbie Paudin",mpaudinq@imdb.com,LATAM,EZE,GRU,"1 escala",basico+carry_on,Aleatorio,2022-12-08,592,paypal
Josiah,"Buckam Bedder",jbedderg@php.net,LATAM,EZE,VVI,"sin escalas",basico+carry_on+extragrande,Aleatorio,2022-12-08,543,"tarjeta debito"
Yule,"Bineham Montfort",ymontfort18@odnoklassniki.ru,Easyfly,EZE,VVI,"sin escalas",basico+carry_on+grande,Aleatorio,2022-12-08,589,"tarjeta de credito"
Malynda,"Gallety Trump",mtrump7@live.com,Easyfly,EZE,GRU,"sin escalas",basico+carry_on+extragrande,Aleatorio,2022-12-08,878,"tarjeta debito"
Bentley,"Allden Bushrod",bbushrody@woothemes.com,GOL,GRU,SCL,"3 escalas",basico+carry_on+extragrande,Aleatorio,2022-12-06,597,paypal
Manda,"Crumbie Paudin",mpaudinq@imdb.com,"SKY Airline",GRU,UIO,"2 escalas",posterior+mano,Posterior,2022-12-06,652,"tarjeta debito"
Lauren,"Westnedge L'Hommeau",llhommeaub@rambler.ru,Easyfly,GRU,VVI,"sin escalas",basico+carry_on,Aleatorio,2022-12-06,587,"tarjeta de credito"
Stanford,"Fateley Wogdon",swogdonm@abc.net.au,LATAM,GRU,SCL,"sin escalas",basico+carry_on,Aleatorio,2022-12-06,740,"tarjeta de credito"
Malynda,"Gallety Trump",mtrump7@live.com,Easyfly,GRU,LIM,"sin escalas",posterior+mano,Posterior,2022-12-06,756,"tarjeta de credito"
Haze,"Bedells Flaune",hflaune1h@japanpost.jp,GOL,BOG,SCL,"2 escalas",basico+carry_on+grande,Aleatorio,2022-12-06,626,"tarjeta de credito"
Anderea,"Dawes Primarolo",aprimarolol@weibo.com,LATAM,BOG,BOG,"2 escalas",basico+carry_on+extragrande,Aleatorio,2022-12-06,671,paypal
Margery,"Frammingham Kosel",mkosel6@skype.com,JetSmart,BOG,GRU,"2 escalas",posterior+mano,Posterior,2022-12-06,690,"tarjeta debito"
Mariana,"Hoyos Saavedra",marianita@gmail.com,"SKY Airline",BOG,SCL,"1 escala",basico+carry_on+grande,Aleatorio,2022-12-06,696,"tarjeta debito"
Francklyn,"McEvilly Jantzen",fjantzenn@mysql.com,JetSmart,LIM,LIM,"3 escalas",posterior+mano,Posterior,2022-12-06,826,"tarjeta debito"
Haze,"Bedells Flaune",hflaune1h@japanpost.jp,LATAM,LIM,VVI,"3 escalas",posterior+mano,Posterior,2022-12-06,701,"tarjeta de credito"
Channa,"Durban Whyard",cwhyard1e@timesonline.co.uk,Easyfly,LIM,VVI,"3 escalas",basico+carry_on+extragrande,Aleatorio,2022-12-06,611,"tarjeta de credito"
Steffane,"Nuemann Stoltz",sstoltz1k@patch.com,JetSmart,LIM,LIM,"2 escalas",posterior+mano,Posterior,2022-12-06,725,"tarjeta de credito"
Bethany,"Brixey Basford",bbasford0@nyu.edu,GOL,LIM,LIM,"2 escalas",basico,Aleatorio,2022-12-06,640,"tarjeta de credito"
Niel,"Scotter Rohlf",nrohlf1g@elegantthemes.com,LATAM,LIM,VVI,"1 escala",basico+carry_on+grande,Aleatorio,2022-12-06,784,"tarjeta de credito"
Cullan,"Mauger Ubsdell",cubsdell2@omniture.com,JetSmart,LIM,BOG,"sin escalas",posterior+mano,Posterior,2022-12-06,562,"tarjeta de credito"
Lois,"Blaxley Maleney",lmaleney1j@wordpress.com,"SKY Airline",SCL,UIO,"3 escalas",basico+carry_on+grande,Aleatorio,2022-12-06,651,"tarjeta de credito"
Mart,"Scruby Orrocks",morrockse@ameblo.jp,Easyfly,SCL,VVI,"2 escalas",basico+carry_on+grande,Aleatorio,2022-12-06,696,"tarjeta debito"
Nessie,"Minshall Flounders",nflounders1d@indiatimes.com,"SKY Airline",SCL,VVI,"1 escala",basico+carry_on+extragrande,Aleatorio,2022-12-06,619,"tarjeta de credito"
Bentley,"Allden Bushrod",bbushrody@woothemes.com,GOL,SCL,GRU,"1 escala",posterior+mano,Posterior,2022-12-06,739,paypal
Camila,"Alvarez Cueva",camila_24@hotmail.com,LATAM,VVI,LIM,"3 escalas",posterior+mano,Posterior,2022-12-06,801,"tarjeta de credito"
Hershel,"Rosewall Murrish",hmurrish1@shop-pro.jp,GOL,VVI,VVI,"2 escalas",basico+carry_on+extragrande,Aleatorio,2022-12-06,501,"tarjeta de credito"
Stanford,"Fateley Wogdon",swogdonm@abc.net.au,"SKY Airline",VVI,LIM,"1 escala",basico+carry_on,Aleatorio,2022-12-06,583,"tarjeta de credito"
Josiah,"Buckam Bedder",jbedderg@php.net,"SKY Airline",VVI,GRU,"1 escala",posterior+mano,Posterior,2022-12-06,609,"tarjeta debito"
Margery,"Frammingham Kosel",mkosel6@skype.com,GOL,UIO,GRU,"3 escalas",posterior+mano,Posterior,2022-12-06,594,"tarjeta de credito"
Radcliffe,"Millar Bearward",rbearwardw@mashable.com,LATAM,UIO,SCL,"2 escalas",basico+carry_on+extragrande,Aleatorio,2022-12-06,912,"tarjeta de credito"
Hortensia,"Breache Isham",hisham1m@t.co,LATAM,UIO,BOG,"sin escalas",basico+carry_on,Aleatorio,2022-12-06,852,"tarjeta de credito"
Dimitri,"Guille Arter",darteri@europa.eu,LATAM,EZE,LIM,"3 escalas",basico+carry_on+grande,Aleatorio,2022-12-06,602,paypal
Tully,"Mishaw Scargill",tscargill1a@tinyurl.com,Easyfly,EZE,SCL,"2 escalas",basico+carry_on+extragrande,Aleatorio,2022-12-06,958,"tarjeta debito"
Keelia,"Bellworthy Mushart",kmushart15@digg.com,Easyfly,EZE,GRU,"2 escalas",basico+carry_on,Aleatorio,2022-12-06,629,"tarjeta debito"
Fernanda,"Masias Rosinelli",f.masias@hotmail.com,Easyfly,EZE,SCL,"2 escalas",basico+carry_on+extragrande,Aleatorio,2022-12-06,895,"tarjeta de credito"
Cherin,"Flowers Nussey",cnussey5@blogspot.com,GOL,EZE,BOG,"1 escala",basico,Aleatorio,2022-12-06,541,"tarjeta debito"
Stanford,"Fateley Wogdon",swogdonm@abc.net.au,GOL,EZE,LIM,"1 escala",basico+carry_on+grande,Aleatorio,2022-12-06,766,"tarjeta de credito"
Olive,"Dallimare Chugg",ochugg12@prweb.com,GOL,EZE,BOG,"1 escala",posterior+mano,Posterior,2022-12-06,535,"tarjeta debito"
Keelia,"Bellworthy Mushart",kmushart15@digg.com,Easyfly,EZE,VVI,"sin escalas",posterior+mano,Posterior,2022-12-06,541,"tarjeta de credito"
Dimitri,"Guille Arter",darteri@europa.eu,GOL,EZE,SCL,"sin escalas",basico+carry_on+grande,Aleatorio,2022-12-06,805,paypal
Bel,"Spalding Mantram",bmantram13@i2i.jp,"SKY Airline",EZE,VVI,"sin escalas",basico+carry_on+grande,Aleatorio,2022-12-06,712,"tarjeta debito"
Ardelis,"Joost Jelf",ajelf8@prlog.org,Easyfly,GRU,LIM,"3 escalas",posterior+mano,Posterior,2022-12-05,630,"tarjeta debito"
Sterne,"Yakushkev Mossbee",smossbee1b@ovh.net,LATAM,GRU,VVI,"3 escalas",basico+carry_on,Aleatorio,2022-12-05,638,"tarjeta de credito"
Tully,"Mishaw Scargill",tscargill1a@tinyurl.com,Easyfly,GRU,EZE,"3 escalas",basico+carry_on+grande,Aleatorio,2022-12-05,652,"tarjeta debito"
Rorie,"Bowdon Wibberley",rwibberleyv@reverbnation.com,LATAM,GRU,GRU,"2 escalas",posterior+mano,Posterior,2022-12-05,799,"tarjeta de credito"
Daphene,"Neylon Pauwel",dpauweld@smugmug.com,LATAM,GRU,UIO,"2 escalas",basico+carry_on+extragrande,Aleatorio,2022-12-05,716,"tarjeta de credito"
Channa,"Durban Whyard",cwhyard1e@timesonline.co.uk,GOL,GRU,GRU,"2 escalas",basico+carry_on,Aleatorio,2022-12-05,626,"tarjeta debito"
Cherin,"Flowers Nussey",cnussey5@blogspot.com,"SKY Airline",GRU,GRU,"1 escala",basico+carry_on,Aleatorio,2022-12-05,615,paypal
Francklyn,"McEvilly Jantzen",fjantzenn@mysql.com,JetSmart,GRU,SCL,"1 escala",basico+carry_on+extragrande,Aleatorio,2022-12-05,865,"tarjeta debito"
Cullan,"Mauger Ubsdell",cubsdell2@omniture.com,"SKY Airline",GRU,VVI,"sin escalas",basico+carry_on,Aleatorio,2022-12-05,752,paypal
Olive,"Dallimare Chugg",ochugg12@prweb.com,GOL,BOG,VVI,"3 escalas",basico+carry_on,Aleatorio,2022-12-05,741,"tarjeta de credito"
Elizabet,"Hackwell Hyatt",ehyatt14@diigo.com,Easyfly,BOG,VVI,"2 escalas",basico+carry_on+extragrande,Aleatorio,2022-12-05,928,paypal
Trefor,"Stucksbury Gorgen",tgorgen1f@tinyurl.com,GOL,BOG,LIM,"1 escala",basico+carry_on+extragrande,Aleatorio,2022-12-05,712,paypal
Lois,"Blaxley Maleney",lmaleney1j@wordpress.com,GOL,BOG,UIO,"sin escalas",posterior+mano,Posterior,2022-12-05,726,"tarjeta de credito"
Alphonse,"Dowyer De Angelis",adeangelis1i@sfgate.com,LATAM,LIM,BOG,"3 escalas",basico,Aleatorio,2022-12-05,716,"tarjeta de credito"
Godfry,"Lyle Strathe",gstrathe16@amazon.com,LATAM,LIM,LIM,"1 escala",posterior+mano,Posterior,2022-12-05,802,"tarjeta de credito"
Francisca,"Carles Oda",foda10@uiuc.edu,Easyfly,LIM,BOG,"sin escalas",basico+carry_on+grande,Aleatorio,2022-12-05,521,paypal
Josiah,"Buckam Bedder",jbedderg@php.net,Easyfly,SCL,VVI,"2 escalas",basico+carry_on+grande,Aleatorio,2022-12-05,684,"tarjeta debito"
Karly,"Renac Gormally",kgormally1n@mapquest.com,LATAM,SCL,SCL,"2 escalas",basico,Aleatorio,2022-12-05,596,"tarjeta debito"
Yule,"Bineham Montfort",ymontfort18@odnoklassniki.ru,"SKY Airline",SCL,UIO,"sin escalas",basico+carry_on+grande,Aleatorio,2022-12-05,557,paypal
Felipe,"Guerrero Perez",guerrero.265@hotmail.com,Easyfly,SCL,UIO,"sin escalas",basico,Aleatorio,2022-12-05,571,"tarjeta de credito"
Brnaba,"Beckinsale Marchant",bmarchant4@altervista.org,Easyfly,SCL,BOG,"sin escalas",basico,Aleatorio,2022-12-05,666,"tarjeta de credito"
Stanford,"Fateley Wogdon",swogdonm@abc.net.au,JetSmart,VVI,GRU,"1 escala",basico+carry_on+extragrande,Aleatorio,2022-12-05,596,"tarjeta debito"
Stanford,"Fateley Wogdon",swogdonm@abc.net.au,Easyfly,VVI,GRU,"sin escalas",basico+carry_on+grande,Aleatorio,2022-12-05,887,"tarjeta de credito"
Hershel,"Rosewall Murrish",hmurrish1@shop-pro.jp,LATAM,VVI,SCL,"sin escalas",basico+carry_on+grande,Aleatorio,2022-12-05,937,"tarjeta de credito"
Cullan,"Mauger Ubsdell",cubsdell2@omniture.com,JetSmart,VVI,GRU,"sin escalas",basico+carry_on+grande,Aleatorio,2022-12-05,824,"tarjeta de credito"
Fernando,"Martinez Rodriguez",f.martinez@hotmail.com,"SKY Airline",VVI,GRU,"sin escalas",basico,Aleatorio,2022-12-05,769,"tarjeta debito"
Haze,"Bedells Flaune",hflaune1h@japanpost.jp,Easyfly,VVI,GRU,"sin escalas",basico+carry_on+extragrande,Aleatorio,2022-12-05,649,"tarjeta de credito"
Dena,"Lamy Duffer",dduffer9@typepad.com,LATAM,UIO,BOG,"3 escalas",basico+carry_on,Aleatorio,2022-12-05,794,"tarjeta de credito"
Niel,"Scotter Rohlf",nrohlf1g@elegantthemes.com,GOL,UIO,EZE,"2 escalas",basico,Aleatorio,2022-12-05,661,paypal
Haze,"Bedells Flaune",hflaune1h@japanpost.jp,GOL,UIO,LIM,"2 escalas",basico,Aleatorio,2022-12-05,808,"tarjeta debito"
Andres,"Quintero Roca",andres_69@gmail.com,GOL,UIO,VVI,"1 escala",posterior+mano,Posterior,2022-12-05,606,"tarjeta debito"
Brnaba,"Beckinsale Marchant",bmarchant4@altervista.org,GOL,UIO,LIM,"sin escalas",basico+carry_on+extragrande,Aleatorio,2022-12-05,629,"tarjeta de credito"
Olive,"Dallimare Chugg",ochugg12@prweb.com,GOL,EZE,EZE,"3 escalas",basico+carry_on+extragrande,Aleatorio,2022-12-05,834,"tarjeta debito"
Hershel,"Rosewall Murrish",hmurrish1@shop-pro.jp,"SKY Airline",EZE,GRU,"2 escalas",posterior+mano,Posterior,2022-12-05,807,"tarjeta debito"
Rowen,"Beauchamp Farquhar",rfarquhars@usnews.com,GOL,EZE,GRU,"1 escala",posterior+mano,Posterior,2022-12-05,656,"tarjeta de credito"
Ardelis,"Joost Jelf",ajelf8@prlog.org,GOL,EZE,EZE,"1 escala",basico+carry_on+extragrande,Aleatorio,2022-12-05,929,"tarjeta de credito"
Francklyn,"McEvilly Jantzen",fjantzenn@mysql.com,GOL,EZE,GRU,"1 escala",basico+carry_on,Aleatorio,2022-12-05,882,"tarjeta de credito"
Daniella,"Arrighetti Heard",dheardc@linkedin.com,"SKY Airline",EZE,UIO,"sin escalas",basico+carry_on+extragrande,Aleatorio,2022-12-05,777,"tarjeta de credito"
Karly,"Renac Gormally",kgormally1n@mapquest.com,GOL,GRU,LIM,"3 escalas",basico+carry_on+grande,Aleatorio,2022-11-28,805,"tarjeta de credito"
Rowen,"Beauchamp Farquhar",rfarquhars@usnews.com,Easyfly,GRU,VVI,"1 escala",basico+carry_on+grande,Aleatorio,2022-11-28,818,"tarjeta de credito"
Nessie,"Minshall Flounders",nflounders1d@indiatimes.com,JetSmart,GRU,LIM,"sin escalas",basico+carry_on+extragrande,Aleatorio,2022-11-28,629,paypal
Niel,"Scotter Rohlf",nrohlf1g@elegantthemes.com,GOL,BOG,SCL,"3 escalas",basico,Aleatorio,2022-11-28,801,paypal
Francisca,"Carles Oda",foda10@uiuc.edu,LATAM,BOG,VVI,"1 escala",posterior+mano,Posterior,2022-11-28,837,"tarjeta debito"
Gaelan,"Clemanceau Stilly",gstillyf@jugem.jp,GOL,BOG,LIM,"1 escala",basico+carry_on+grande,Aleatorio,2022-11-28,628,"tarjeta de credito"
Fernando,"Martinez Rodriguez",f.martinez@hotmail.com,"SKY Airline",LIM,LIM,"2 escalas",basico,Aleatorio,2022-11-28,653,paypal
Josiah,"Buckam Bedder",jbedderg@php.net,"SKY Airline",LIM,SCL,"2 escalas",basico+carry_on,Aleatorio,2022-11-28,753,paypal
Dedie,"Trahar McJury",dmcjuryu@umich.edu,LATAM,LIM,UIO,"1 escala",basico+carry_on,Aleatorio,2022-11-28,759,"tarjeta debito"
Fernando,"Martinez Rodriguez",f.martinez@hotmail.com,JetSmart,LIM,LIM,"sin escalas",basico+carry_on+extragrande,Aleatorio,2022-11-28,506,"tarjeta de credito"
Hortensia,"Breache Isham",hisham1m@t.co,GOL,SCL,SCL,"2 escalas",posterior+mano,Posterior,2022-11-28,798,"tarjeta de credito"
Cris,"Channer Deabill",cdeabillk@geocities.com,LATAM,SCL,BOG,"2 escalas",basico+carry_on+extragrande,Aleatorio,2022-11-28,542,"tarjeta de credito"
Emmey,"Pryell Tewkesbury",etewkesburyt@cornell.edu,"SKY Airline",SCL,VVI,"2 escalas",basico+carry_on+extragrande,Aleatorio,2022-11-28,542,"tarjeta de credito"
Lauren,"Westnedge L'Hommeau",llhommeaub@rambler.ru,Easyfly,SCL,SCL,"1 escala",basico+carry_on+extragrande,Aleatorio,2022-11-28,526,"tarjeta de credito"
Rory,"Antoniottii Morforth",rmorforth17@sakura.ne.jp,LATAM,SCL,BOG,"1 escala",basico+carry_on+extragrande,Aleatorio,2022-11-28,924,"tarjeta debito"
Tedman,"Eschelle Maliphant",tmaliphantp@cnn.com,JetSmart,VVI,VVI,"3 escalas",basico+carry_on,Aleatorio,2022-11-28,772,paypal
Tedman,"Eschelle Maliphant",tmaliphantp@cnn.com,GOL,VVI,LIM,"2 escalas",basico+carry_on,Aleatorio,2022-11-28,689,"tarjeta de credito"
Bel,"Spalding Mantram",bmantram13@i2i.jp,GOL,VVI,GRU,"1 escala",posterior+mano,Posterior,2022-11-28,574,paypal
Bentley,"Allden Bushrod",bbushrody@woothemes.com,LATAM,VVI,GRU,"1 escala",basico+carry_on+extragrande,Aleatorio,2022-11-28,584,"tarjeta debito"
Andres,"Quintero Roca",andres_69@gmail.com,GOL,VVI,GRU,"1 escala",basico,Aleatorio,2022-11-28,619,"tarjeta de credito"
Niel,"Scotter Rohlf",nrohlf1g@elegantthemes.com,GOL,VVI,EZE,"sin escalas",basico+carry_on+extragrande,Aleatorio,2022-11-28,854,paypal
Bel,"Spalding Mantram",bmantram13@i2i.jp,GOL,VVI,LIM,"sin escalas",posterior+mano,Posterior,2022-11-28,579,"tarjeta debito"
Tully,"Mishaw Scargill",tscargill1a@tinyurl.com,LATAM,UIO,SCL,"3 escalas",basico+carry_on+grande,Aleatorio,2022-11-28,563,"tarjeta de credito"
Lois,"Blaxley Maleney",lmaleney1j@wordpress.com,Easyfly,UIO,UIO,"1 escala",basico+carry_on,Aleatorio,2022-11-28,821,"tarjeta de credito"
Felipe,"Guerrero Perez",guerrero.265@hotmail.com,GOL,UIO,GRU,"1 escala",basico,Aleatorio,2022-11-28,777,paypal
Francisca,"Carles Oda",foda10@uiuc.edu,Easyfly,UIO,VVI,"sin escalas",basico,Aleatorio,2022-11-28,672,paypal
Karly,"Renac Gormally",kgormally1n@mapquest.com,LATAM,UIO,UIO,"sin escalas",basico,Aleatorio,2022-11-28,530,paypal
Mauricio,"Quintero Diaz",q.m.1987@hotmail.com,"SKY Airline",EZE,UIO,"2 escalas",basico+carry_on+extragrande,Aleatorio,2022-11-28,543,"tarjeta de credito"
Sterne,"Yakushkev Mossbee",smossbee1b@ovh.net,"SKY Airline",EZE,EZE,"1 escala",basico+carry_on,Aleatorio,2022-11-28,650,"tarjeta debito"
Sterne,"Yakushkev Mossbee",smossbee1b@ovh.net,GOL,EZE,GRU,"sin escalas",basico+carry_on,Aleatorio,2022-11-28,654,"tarjeta de credito"
Hershel,"Rosewall Murrish",hmurrish1@shop-pro.jp,Easyfly,GRU,EZE,"2 escalas",basico+carry_on+extragrande,Aleatorio,2022-11-26,566,paypal
Dimitri,"Guille Arter",darteri@europa.eu,"SKY Airline",GRU,GRU,"2 escalas",basico,Aleatorio,2022-11-26,840,"tarjeta de credito"
Anderea,"Dawes Primarolo",aprimarolol@weibo.com,Easyfly,GRU,LIM,"1 escala",posterior+mano,Posterior,2022-11-26,765,"tarjeta de credito"
Paula,"Paulos Chirinos",m.paul.34@gmail.com,GOL,GRU,LIM,"sin escalas",basico+carry_on+grande,Aleatorio,2022-11-26,837,"tarjeta de credito"
Francisca,"Carles Oda",foda10@uiuc.edu,"SKY Airline",BOG,UIO,"3 escalas",basico+carry_on+grande,Aleatorio,2022-11-26,701,"tarjeta de credito"
Haze,"Bedells Flaune",hflaune1h@japanpost.jp,Easyfly,BOG,SCL,"3 escalas",basico+carry_on+extragrande,Aleatorio,2022-11-26,941,"tarjeta debito"
Elizabet,"Hackwell Hyatt",ehyatt14@diigo.com,"SKY Airline",BOG,UIO,"2 escalas",posterior+mano,Posterior,2022-11-26,652,"tarjeta de credito"
Felipe,"Guerrero Perez",guerrero.265@hotmail.com,"SKY Airline",BOG,EZE,"2 escalas",posterior+mano,Posterior,2022-11-26,534,"tarjeta de credito"
Emmey,"Pryell Tewkesbury",etewkesburyt@cornell.edu,"SKY Airline",BOG,SCL,"1 escala",basico+carry_on,Aleatorio,2022-11-26,734,"tarjeta debito"
Hallsy,"Lingley Scudamore",hscudamore1c@cbsnews.com,"SKY Airline",BOG,SCL,"1 escala",basico+carry_on+grande,Aleatorio,2022-11-26,682,"tarjeta debito"
Bethany,"Brixey Basford",bbasford0@nyu.edu,LATAM,LIM,VVI,"2 escalas",basico+carry_on+grande,Aleatorio,2022-11-26,840,"tarjeta debito"
Mauricio,"Quintero Diaz",q.m.1987@hotmail.com,GOL,LIM,UIO,"1 escala",basico+carry_on+grande,Aleatorio,2022-11-26,561,"tarjeta de credito"
Nessie,"Minshall Flounders",nflounders1d@indiatimes.com,JetSmart,LIM,GRU,"sin escalas",basico+carry_on+grande,Aleatorio,2022-11-26,747,"tarjeta de credito"
Niel,"Scotter Rohlf",nrohlf1g@elegantthemes.com,LATAM,LIM,UIO,"sin escalas",basico+carry_on+grande,Aleatorio,2022-11-26,675,"tarjeta de credito"
Timmy,"Seawell Doolan",tdoolan1l@youku.com,LATAM,SCL,UIO,"3 escalas",basico,Aleatorio,2022-11-26,575,"tarjeta de credito"
Tedman,"Eschelle Maliphant",tmaliphantp@cnn.com,GOL,SCL,VVI,"3 escalas",basico+carry_on+extragrande,Aleatorio,2022-11-26,757,"tarjeta de credito"
Nessie,"Minshall Flounders",nflounders1d@indiatimes.com,LATAM,SCL,VVI,"2 escalas",basico,Aleatorio,2022-11-26,812,paypal
Paula,"Paulos Chirinos",m.paul.34@gmail.com,"SKY Airline",SCL,LIM,"2 escalas",basico,Aleatorio,2022-11-26,784,"tarjeta de credito"
Cris,"Channer Deabill",cdeabillk@geocities.com,JetSmart,SCL,LIM,"1 escala",basico,Aleatorio,2022-11-26,525,"tarjeta de credito"
Godfry,"Lyle Strathe",gstrathe16@amazon.com,JetSmart,SCL,UIO,"1 escala",posterior+mano,Posterior,2022-11-26,829,"tarjeta de credito"
Dena,"Lamy Duffer",dduffer9@typepad.com,LATAM,SCL,UIO,"sin escalas",posterior+mano,Posterior,2022-11-26,552,"tarjeta de credito"
Niel,"Scotter Rohlf",nrohlf1g@elegantthemes.com,Easyfly,VVI,SCL,"2 escalas",basico+carry_on+grande,Aleatorio,2022-11-26,682,paypal
Hallsy,"Lingley Scudamore",hscudamore1c@cbsnews.com,LATAM,VVI,LIM,"1 escala",basico,Aleatorio,2022-11-26,746,"tarjeta de credito"
Francklyn,"McEvilly Jantzen",fjantzenn@mysql.com,GOL,VVI,BOG,"sin escalas",basico+carry_on,Aleatorio,2022-11-26,894,paypal
Luce,"Packman Largen",llargen11@jimdo.com,GOL,VVI,LIM,"sin escalas",basico,Aleatorio,2022-11-26,833,"tarjeta de credito"
Godfry,"Lyle Strathe",gstrathe16@amazon.com,Easyfly,UIO,EZE,"sin escalas",posterior+mano,Posterior,2022-11-26,813,"tarjeta de credito"
Concordia,"McWhirter Allderidge",callderidge19@canalblog.com,LATAM,UIO,LIM,"sin escalas",basico+carry_on+grande,Aleatorio,2022-11-26,563,"tarjeta de credito"
Bentley,"Allden Bushrod",bbushrody@woothemes.com,"SKY Airline",EZE,LIM,"3 escalas",basico+carry_on+extragrande,Aleatorio,2022-11-26,522,"tarjeta debito"
Timmy,"Seawell Doolan",tdoolan1l@youku.com,LATAM,EZE,UIO,"3 escalas",basico,Aleatorio,2022-11-26,785,"tarjeta de credito"
Felipe,"Guerrero Perez",guerrero.265@hotmail.com,Easyfly,EZE,VVI,"3 escalas",posterior+mano,Posterior,2022-11-26,578,"tarjeta debito"
Niel,"Scotter Rohlf",nrohlf1g@elegantthemes.com,GOL,EZE,LIM,"2 escalas",basico+carry_on,Aleatorio,2022-11-26,630,paypal
Francisca,"Carles Oda",foda10@uiuc.edu,"SKY Airline",EZE,SCL,"2 escalas",basico+carry_on+grande,Aleatorio,2022-11-26,560,"tarjeta de credito"
Hortensia,"Breache Isham",hisham1m@t.co,LATAM,EZE,BOG,"sin escalas",basico+carry_on+grande,Aleatorio,2022-11-26,949,"tarjeta de credito"
Dena,"Lamy Duffer",dduffer9@typepad.com,Easyfly,GRU,GRU,"3 escalas",basico+carry_on+grande,Aleatorio,2022-11-16,698,"tarjeta debito"
Elizabet,"Hackwell Hyatt",ehyatt14@diigo.com,LATAM,GRU,GRU,"3 escalas",posterior+mano,Posterior,2022-11-16,819,"tarjeta debito"
Daniella,"Arrighetti Heard",dheardc@linkedin.com,LATAM,GRU,VVI,"1 escala",basico,Aleatorio,2022-11-16,815,paypal
Rorie,"Bowdon Wibberley",rwibberleyv@reverbnation.com,GOL,GRU,GRU,"1 escala",basico+carry_on+extragrande,Aleatorio,2022-11-16,584,"tarjeta de credito"
Bel,"Spalding Mantram",bmantram13@i2i.jp,Easyfly,BOG,VVI,"3 escalas",basico+carry_on+grande,Aleatorio,2022-11-16,853,"tarjeta debito"
Timmy,"Seawell Doolan",tdoolan1l@youku.com,GOL,BOG,GRU,"3 escalas",basico+carry_on+grande,Aleatorio,2022-11-16,848,paypal
Brnaba,"Beckinsale Marchant",bmarchant4@altervista.org,LATAM,BOG,BOG,"3 escalas",basico+carry_on+extragrande,Aleatorio,2022-11-16,933,"tarjeta debito"
Andres,"Quintero Roca",andres_69@gmail.com,LATAM,BOG,BOG,"sin escalas",basico+carry_on+extragrande,Aleatorio,2022-11-16,591,"tarjeta de credito"
Lois,"Blaxley Maleney",lmaleney1j@wordpress.com,GOL,BOG,BOG,"sin escalas",basico+carry_on+grande,Aleatorio,2022-11-16,526,"tarjeta de credito"
Camila,"Alvarez Cueva",camila_24@hotmail.com,LATAM,LIM,EZE,"3 escalas",posterior+mano,Posterior,2022-11-16,614,"tarjeta debito"
Francisca,"Carles Oda",foda10@uiuc.edu,GOL,LIM,LIM,"1 escala",basico+carry_on+extragrande,Aleatorio,2022-11-16,778,"tarjeta debito"
Rory,"Antoniottii Morforth",rmorforth17@sakura.ne.jp,LATAM,SCL,EZE,"2 escalas",basico,Aleatorio,2022-11-16,717,"tarjeta de credito"
Haze,"Bedells Flaune",hflaune1h@japanpost.jp,GOL,SCL,GRU,"sin escalas",basico+carry_on,Aleatorio,2022-11-16,541,paypal
Bentley,"Allden Bushrod",bbushrody@woothemes.com,LATAM,SCL,EZE,"sin escalas",basico+carry_on+grande,Aleatorio,2022-11-16,746,"tarjeta debito"
Rory,"Antoniottii Morforth",rmorforth17@sakura.ne.jp,Easyfly,VVI,VVI,"3 escalas",basico+carry_on+grande,Aleatorio,2022-11-16,763,"tarjeta debito"
Daniella,"Arrighetti Heard",dheardc@linkedin.com,LATAM,VVI,EZE,"3 escalas",basico,Aleatorio,2022-11-16,632,"tarjeta de credito"
Mariana,"Hoyos Saavedra",marianita@gmail.com,JetSmart,VVI,EZE,"2 escalas",posterior+mano,Posterior,2022-11-16,742,"tarjeta debito"
Yule,"Bineham Montfort",ymontfort18@odnoklassniki.ru,"SKY Airline",VVI,SCL,"2 escalas",posterior+mano,Posterior,2022-11-16,598,"tarjeta debito"
Malynda,"Gallety Trump",mtrump7@live.com,JetSmart,UIO,LIM,"3 escalas",basico+carry_on,Aleatorio,2022-11-16,534,"tarjeta de credito"
Bentley,"Allden Bushrod",bbushrody@woothemes.com,GOL,UIO,LIM,"2 escalas",basico+carry_on+grande,Aleatorio,2022-11-16,646,"tarjeta de credito"
Dedie,"Trahar McJury",dmcjuryu@umich.edu,JetSmart,UIO,SCL,"2 escalas",basico+carry_on+extragrande,Aleatorio,2022-11-16,791,"tarjeta de credito"
Gaelan,"Clemanceau Stilly",gstillyf@jugem.jp,JetSmart,UIO,LIM,"1 escala",basico,Aleatorio,2022-11-16,783,"tarjeta debito"
Bentley,"Allden Bushrod",bbushrody@woothemes.com,Easyfly,UIO,VVI,"1 escala",basico+carry_on,Aleatorio,2022-11-16,725,"tarjeta debito"
Jerry,"Duffitt Covill",jcovillh@etsy.com,"SKY Airline",UIO,BOG,"1 escala",basico,Aleatorio,2022-11-16,779,"tarjeta debito"
Niel,"Scotter Rohlf",nrohlf1g@elegantthemes.com,LATAM,EZE,GRU,"3 escalas",basico,Aleatorio,2022-11-16,828,"tarjeta de credito"
Yule,"Bineham Montfort",ymontfort18@odnoklassniki.ru,LATAM,EZE,GRU,"3 escalas",posterior+mano,Posterior,2022-11-16,558,"tarjeta de credito"
Daniella,"Arrighetti Heard",dheardc@linkedin.com,LATAM,EZE,BOG,"3 escalas",posterior+mano,Posterior,2022-11-16,509,paypal
Paula,"Paulos Chirinos",m.paul.34@gmail.com,LATAM,EZE,LIM,"2 escalas",basico,Aleatorio,2022-11-16,661,paypal
Radcliffe,"Millar Bearward",rbearwardw@mashable.com,LATAM,EZE,GRU,"2 escalas",basico+carry_on,Aleatorio,2022-11-16,567,"tarjeta de credito"
Fernando,"Martinez Rodriguez",f.martinez@hotmail.com,"SKY Airline",EZE,LIM,"1 escala",basico+carry_on+extragrande,Aleatorio,2022-11-16,605,"tarjeta de credito"
Bentley,"Allden Bushrod",bbushrody@woothemes.com,Easyfly,EZE,BOG,"sin escalas",basico+carry_on+grande,Aleatorio,2022-11-16,763,"tarjeta debito"
Anderea,"Dawes Primarolo",aprimarolol@weibo.com,GOL,EZE,SCL,"sin escalas",basico+carry_on+grande,Aleatorio,2022-11-16,888,"tarjeta debito"
Francklyn,"McEvilly Jantzen",fjantzenn@mysql.com,LATAM,GRU,LIM,"2 escalas",basico+carry_on+grande,Aleatorio,2022-11-13,918,"tarjeta debito"
Gamaliel,"Streather Bruggen",gbruggena@jalbum.net,LATAM,BOG,LIM,"3 escalas",basico,Aleatorio,2022-11-13,847,"tarjeta debito"
Patricio,"Vitale Hoyos",vitale.p@gmail.com,GOL,BOG,LIM,"3 escalas",basico,Aleatorio,2022-11-13,638,"tarjeta de credito"
Hortensia,"Breache Isham",hisham1m@t.co,JetSmart,BOG,GRU,"2 escalas",posterior+mano,Posterior,2022-11-13,712,"tarjeta de credito"
Emmey,"Pryell Tewkesbury",etewkesburyt@cornell.edu,LATAM,BOG,BOG,"2 escalas",basico+carry_on+extragrande,Aleatorio,2022-11-13,512,"tarjeta de credito"
Keelia,"Bellworthy Mushart",kmushart15@digg.com,LATAM,BOG,VVI,"2 escalas",basico+carry_on,Aleatorio,2022-11-13,751,"tarjeta de credito"
Manda,"Crumbie Paudin",mpaudinq@imdb.com,LATAM,BOG,VVI,"1 escala",basico+carry_on+grande,Aleatorio,2022-11-13,772,"tarjeta de credito"
Daphene,"Neylon Pauwel",dpauweld@smugmug.com,GOL,BOG,UIO,"1 escala",basico+carry_on+grande,Aleatorio,2022-11-13,617,"tarjeta de credito"
Stanford,"Fateley Wogdon",swogdonm@abc.net.au,LATAM,BOG,GRU,"1 escala",basico+carry_on+grande,Aleatorio,2022-11-13,816,"tarjeta de credito"
Mauricio,"Quintero Diaz",q.m.1987@hotmail.com,"SKY Airline",BOG,SCL,"sin escalas",basico+carry_on,Aleatorio,2022-11-13,604,"tarjeta de credito"
Cris,"Channer Deabill",cdeabillk@geocities.com,LATAM,BOG,BOG,"sin escalas",basico+carry_on,Aleatorio,2022-11-13,839,paypal
Andres,"Quintero Roca",andres_69@gmail.com,JetSmart,BOG,SCL,"sin escalas",posterior+mano,Posterior,2022-11-13,578,"tarjeta de credito"
Hershel,"Rosewall Murrish",hmurrish1@shop-pro.jp,LATAM,LIM,EZE,"3 escalas",basico+carry_on+extragrande,Aleatorio,2022-11-13,532,paypal
Bethany,"Brixey Basford",bbasford0@nyu.edu,"SKY Airline",LIM,UIO,"3 escalas",basico+carry_on+extragrande,Aleatorio,2022-11-13,907,"tarjeta de credito"
Brnaba,"Beckinsale Marchant",bmarchant4@altervista.org,JetSmart,LIM,GRU,"3 escalas",posterior+mano,Posterior,2022-11-13,770,"tarjeta de credito"
Mauricio,"Quintero Diaz",q.m.1987@hotmail.com,LATAM,LIM,SCL,"3 escalas",basico,Aleatorio,2022-11-13,512,"tarjeta debito"
Sterne,"Yakushkev Mossbee",smossbee1b@ovh.net,"SKY Airline",LIM,BOG,"2 escalas",posterior+mano,Posterior,2022-11-13,852,"tarjeta de credito"
Daphene,"Neylon Pauwel",dpauweld@smugmug.com,Easyfly,LIM,SCL,"1 escala",basico+carry_on+extragrande,Aleatorio,2022-11-13,620,paypal
Josiah,"Buckam Bedder",jbedderg@php.net,Easyfly,LIM,SCL,"1 escala",basico+carry_on+extragrande,Aleatorio,2022-11-13,937,"tarjeta de credito"
Bentley,"Allden Bushrod",bbushrody@woothemes.com,GOL,LIM,UIO,"sin escalas",basico+carry_on+grande,Aleatorio,2022-11-13,722,"tarjeta de credito"
Gamaliel,"Streather Bruggen",gbruggena@jalbum.net,"SKY Airline",LIM,BOG,"sin escalas",basico+carry_on+grande,Aleatorio,2022-11-13,702,"tarjeta de credito"
Dena,"Lamy Duffer",dduffer9@typepad.com,Easyfly,LIM,BOG,"sin escalas",basico,Aleatorio,2022-11-13,553,"tarjeta de credito"
Anderea,"Dawes Primarolo",aprimarolol@weibo.com,JetSmart,SCL,GRU,"2 escalas",basico+carry_on,Aleatorio,2022-11-13,640,"tarjeta debito"
Mauricio,"Quintero Diaz",q.m.1987@hotmail.com,GOL,SCL,SCL,"2 escalas",posterior+mano,Posterior,2022-11-13,613,"tarjeta debito"
Francklyn,"McEvilly Jantzen",fjantzenn@mysql.com,LATAM,SCL,UIO,"1 escala",basico+carry_on+grande,Aleatorio,2022-11-13,574,"tarjeta de credito"
Jerry,"Duffitt Covill",jcovillh@etsy.com,Easyfly,SCL,VVI,"sin escalas",posterior+mano,Posterior,2022-11-13,847,"tarjeta debito"
Daniella,"Arrighetti Heard",dheardc@linkedin.com,LATAM,VVI,LIM,"2 escalas",basico,Aleatorio,2022-11-13,586,paypal
Manda,"Crumbie Paudin",mpaudinq@imdb.com,LATAM,VVI,VVI,"1 escala",basico,Aleatorio,2022-11-13,662,"tarjeta debito"
Malynda,"Gallety Trump",mtrump7@live.com,GOL,VVI,BOG,"1 escala",posterior+mano,Posterior,2022-11-13,845,paypal
Lindsay,"Molden Domico",ldomico3@indiegogo.com,JetSmart,UIO,LIM,"3 escalas",basico,Aleatorio,2022-11-13,766,paypal
Hortensia,"Breache Isham",hisham1m@t.co,"SKY Airline",UIO,LIM,"3 escalas",basico+carry_on,Aleatorio,2022-11-13,636,"tarjeta de credito"
Dena,"Lamy Duffer",dduffer9@typepad.com,LATAM,UIO,VVI,"3 escalas",posterior+mano,Posterior,2022-11-13,534,"tarjeta de credito"
Godfry,"Lyle Strathe",gstrathe16@amazon.com,JetSmart,UIO,BOG,"2 escalas",basico+carry_on+grande,Aleatorio,2022-11-13,908,"tarjeta de credito"
Cris,"Channer Deabill",cdeabillk@geocities.com,LATAM,UIO,SCL,"1 escala",basico+carry_on+extragrande,Aleatorio,2022-11-13,588,"tarjeta debito"
Keelia,"Bellworthy Mushart",kmushart15@digg.com,LATAM,UIO,GRU,"1 escala",basico+carry_on+extragrande,Aleatorio,2022-11-13,874,"tarjeta debito"
Cris,"Channer Deabill",cdeabillk@geocities.com,JetSmart,UIO,LIM,"sin escalas",basico+carry_on,Aleatorio,2022-11-13,512,"tarjeta debito"
Sterne,"Yakushkev Mossbee",smossbee1b@ovh.net,LATAM,EZE,BOG,"3 escalas",basico+carry_on,Aleatorio,2022-11-13,593,"tarjeta debito"
Daphene,"Neylon Pauwel",dpauweld@smugmug.com,"SKY Airline",EZE,VVI,"3 escalas",basico,Aleatorio,2022-11-13,626,"tarjeta debito"
Anderea,"Dawes Primarolo",aprimarolol@weibo.com,JetSmart,EZE,SCL,"2 escalas",basico+carry_on+extragrande,Aleatorio,2022-11-13,693,"tarjeta de credito"
Luce,"Packman Largen",llargen11@jimdo.com,GOL,EZE,SCL,"2 escalas",basico+carry_on+grande,Aleatorio,2022-11-13,718,"tarjeta de credito"
Luce,"Packman Largen",llargen11@jimdo.com,"SKY Airline",EZE,VVI,"sin escalas",posterior+mano,Posterior,2022-11-13,666,"tarjeta debito"
Ardelis,"Joost Jelf",ajelf8@prlog.org,GOL,EZE,UIO,"sin escalas",basico+carry_on+extragrande,Aleatorio,2022-11-13,805,"tarjeta de credito"
Patricio,"Vitale Hoyos",vitale.p@gmail.com,GOL,GRU,BOG,"3 escalas",basico+carry_on+extragrande,Aleatorio,2022-11-04,775,"tarjeta de credito"
Dimitri,"Guille Arter",darteri@europa.eu,GOL,GRU,VVI,"2 escalas",basico+carry_on+grande,Aleatorio,2022-11-04,804,"tarjeta debito"
Radcliffe,"Millar Bearward",rbearwardw@mashable.com,GOL,GRU,SCL,"1 escala",basico,Aleatorio,2022-11-04,624,"tarjeta debito"
Andres,"Quintero Roca",andres_69@gmail.com,LATAM,BOG,UIO,"1 escala",basico+carry_on+extragrande,Aleatorio,2022-11-04,619,"tarjeta debito"
Trefor,"Stucksbury Gorgen",tgorgen1f@tinyurl.com,"SKY Airline",BOG,BOG,"1 escala",basico,Aleatorio,2022-11-04,633,"tarjeta de credito"
Alphonse,"Dowyer De Angelis",adeangelis1i@sfgate.com,Easyfly,BOG,SCL,"sin escalas",basico+carry_on,Aleatorio,2022-11-04,674,"tarjeta debito"
Niel,"Scotter Rohlf",nrohlf1g@elegantthemes.com,"SKY Airline",LIM,SCL,"3 escalas",basico+carry_on+extragrande,Aleatorio,2022-11-04,610,"tarjeta de credito"
Felipe,"Guerrero Perez",guerrero.265@hotmail.com,Easyfly,LIM,LIM,"2 escalas",posterior+mano,Posterior,2022-11-04,763,"tarjeta de credito"
Steffane,"Nuemann Stoltz",sstoltz1k@patch.com,LATAM,LIM,BOG,"sin escalas",basico+carry_on,Aleatorio,2022-11-04,645,"tarjeta de credito"
Malynda,"Gallety Trump",mtrump7@live.com,JetSmart,LIM,BOG,"sin escalas",posterior+mano,Posterior,2022-11-04,552,"tarjeta de credito"
Lauren,"Westnedge L'Hommeau",llhommeaub@rambler.ru,GOL,LIM,SCL,"sin escalas",basico+carry_on+grande,Aleatorio,2022-11-04,574,paypal
Bentley,"Allden Bushrod",bbushrody@woothemes.com,"SKY Airline",SCL,LIM,"2 escalas",posterior+mano,Posterior,2022-11-04,615,"tarjeta de credito"
Ardelis,"Joost Jelf",ajelf8@prlog.org,GOL,SCL,UIO,"1 escala",posterior+mano,Posterior,2022-11-04,661,"tarjeta de credito"
Daniella,"Arrighetti Heard",dheardc@linkedin.com,Easyfly,SCL,BOG,"sin escalas",basico+carry_on,Aleatorio,2022-11-04,610,paypal
Ardelis,"Joost Jelf",ajelf8@prlog.org,JetSmart,VVI,VVI,"2 escalas",basico+carry_on,Aleatorio,2022-11-04,579,"tarjeta de credito"
Josiah,"Buckam Bedder",jbedderg@php.net,"SKY Airline",VVI,BOG,"2 escalas",basico+carry_on,Aleatorio,2022-11-04,753,"tarjeta debito"
Niel,"Scotter Rohlf",nrohlf1g@elegantthemes.com,LATAM,VVI,SCL,"1 escala",basico,Aleatorio,2022-11-04,623,paypal
Yule,"Bineham Montfort",ymontfort18@odnoklassniki.ru,GOL,VVI,VVI,"sin escalas",basico+carry_on+grande,Aleatorio,2022-11-04,622,"tarjeta debito"
Dedie,"Trahar McJury",dmcjuryu@umich.edu,"SKY Airline",UIO,LIM,"3 escalas",basico+carry_on+extragrande,Aleatorio,2022-11-04,654,"tarjeta debito"
Cris,"Channer Deabill",cdeabillk@geocities.com,LATAM,UIO,LIM,"1 escala",basico+carry_on+grande,Aleatorio,2022-11-04,677,"tarjeta de credito"
Rory,"Antoniottii Morforth",rmorforth17@sakura.ne.jp,GOL,EZE,GRU,"3 escalas",posterior+mano,Posterior,2022-11-04,666,"tarjeta de credito"
Elizabet,"Hackwell Hyatt",ehyatt14@diigo.com,"SKY Airline",EZE,BOG,"3 escalas",posterior+mano,Posterior,2022-11-04,666,"tarjeta debito"
Josiah,"Buckam Bedder",jbedderg@php.net,GOL,EZE,BOG,"3 escalas",basico+carry_on+grande,Aleatorio,2022-11-04,822,paypal
Camila,"Alvarez Cueva",camila_24@hotmail.com,Easyfly,EZE,GRU,"1 escala",basico+carry_on,Aleatorio,2022-11-04,740,"tarjeta de credito"
Paula,"Paulos Chirinos",m.paul.34@gmail.com,"SKY Airline",EZE,LIM,"1 escala",basico+carry_on+extragrande,Aleatorio,2022-11-04,872,"tarjeta de credito"
Luce,"Packman Largen",llargen11@jimdo.com,LATAM,EZE,SCL,"sin escalas",basico+carry_on+extragrande,Aleatorio,2022-11-04,639,paypal
Alphonse,"Dowyer De Angelis",adeangelis1i@sfgate.com,GOL,EZE,EZE,"sin escalas",basico+carry_on,Aleatorio,2022-11-04,612,"tarjeta de credito"
